trial_num,iteration,accel_x,accel_y,accel_z,accel_diff,action,change_lane_finished,curr_time,curr_lane,lane_rho_l,lane_theta_l,lane_rho_r,lane_theta_r,follow_enable,free_east,free_north,free_north_east,free_north_west,free_south_east,free_south_west,free_west,distance_to_north,pass_finished,sdc_curr_pos.x,sdc_curr_pos.y,sdc_curr_pos.theta,speed,start_change_lane_on_left,start_change_lane_on_right,steering,success,goal_reached,car_1_pose.x,car_1_pose.y,car_2_pose.x,car_2_pose.y,car_3_pose.x,car_3_pose.y,car_4_pose.x,car_4_pose.y,car_5_pose.x,car_5_pose.y,car_6_pose.x,car_6_pose.y,car_7_pose.x,car_7_pose.y,car_8_pose.x,car_8_pose.y,car_9_pose.x,car_9_pose.y,car_10_pose.x,car_10_pose.y
1,1,0.03885382185729255,7.832739330501864e-14,9.804790970388696,0.0003148961358461972,Cruise 16,False,0.2,True,406.34197790834554,2.313552692042681,391.468548032546,0.7853981633974483,False,False,True,True,True,True,True,True,0.0,False,10.283092901149073,-1.810000000000009,1.0120108216831128e-14,0.0,False,False,0.0,True,False,37.13,-1.57,75.25,1.58987,115.83,-1.54,155.89,1.54,195.81,-1.11,235.23,2.07,275.37,-1.22,315.37,1.81,355.94,-1.31,395.88,1.43
1,2,2.6104931339410644,0.07493901666756786,9.595438040116914,0.44636301281940405,Change lane 15,False,0.31,True,404.5580846846593,2.3131236980250547,391.8734798715259,0.7853981633974482,False,False,False,True,True,True,True,True,25.27008331304946,False,10.285532614210148,-1.8099047408353046,-5.8067967621827165e-05,26.453163090218855,True,False,0.03682945023288439,True,False,37.13,-1.57,75.25,1.58987,115.83,-1.54,155.89,1.54,195.81,-1.11,235.23,2.07,275.37,-1.22,315.37,1.81,355.94,-1.31,395.88,1.43
1,3,4.307395890833696,0.21819098768669543,9.771971530038968,0.10765828707414964,Change lane 15,False,0.42,True,398.0813752885612,2.299039303861529,387.4748080470933,0.7825079224159751,False,False,False,True,True,True,True,True,25.27008331304946,False,10.32470507085743,-1.809505799147771,0.0002224726783317484,26.453163090218855,True,False,0.1319357010751008,True,False,37.13,-1.57,75.25,1.58987,115.83,-1.54,155.89,1.54,195.81,-1.11,235.23,2.07,275.37,-1.22,315.37,1.81,355.94,-1.31,395.88,1.43
1,4,4.5214162800336855,0.30031105364344146,9.924625380167408,0.036119241209493634,Change lane 15,False,0.53,True,394.6845877444624,2.3146867966851206,388.32839500349985,0.7853981633974484,False,False,False,True,True,True,True,True,25.228511409515388,False,10.402289867073382,-1.8089711952628829,0.0024425135814692437,26.453163090218855,True,False,0.1319357010751008,True,False,37.13,-1.57,75.25,1.58987,115.83,-1.54,155.89,1.54,195.81,-1.11,235.23,2.07,275.37,-1.22,315.37,1.81,355.94,-1.31,395.88,1.43
1,5,4.091510481272513,0.3139984083057736,9.852993683193498,0.04865126373017957,Change lane 15,False,0.63,True,389.3874617182458,2.31647076296196,396.3782829932364,0.7889611758300586,False,False,False,True,True,True,True,True,25.22910010670724,False,10.533896797830549,-1.8074865628216992,0.007147828400966101,26.453163090218855,True,False,0.1319357010751008,True,False,37.13,-1.57,75.25,1.58987,115.83,-1.54,155.89,1.54,195.81,-1.11,235.23,2.07,275.37,-1.22,315.37,1.81,355.94,-1.31,395.88,1.43
1,6,3.8143636969335963,0.3016249580863961,9.719379969043711,0.022583977822702314,Change lane 15,False,0.74,True,384.66684608432735,2.313222799194225,404.4647034675511,0.8037560406785857,False,False,False,True,True,True,True,True,25.22910010670724,False,10.713049605645224,-1.8043477140930646,0.014019153064172231,26.453163090218855,True,False,0.1319357010751008,True,False,37.13,-1.57,75.25,1.58987,115.83,-1.54,155.89,1.54,195.81,-1.11,235.23,2.07,275.37,-1.22,315.37,1.81,355.94,-1.31,395.88,1.43
1,7,3.9045298567581272,0.35295726087495616,9.708019469628965,0.018477597826209752,Change lane 15,False,0.84,True,371.83752124714545,2.3293406665478944,416.96934386084604,0.8025599832881256,False,False,False,True,True,True,True,True,24.78764713792533,False,10.916795546675573,-1.7992915530044282,0.02201295410746651,26.453163090218855,True,False,0.1319357010751008,True,False,37.13,-1.57,75.25,1.58987,115.83,-1.54,155.89,1.54,195.81,-1.11,235.23,2.07,275.37,-1.22,315.37,1.81,355.94,-1.31,395.88,1.43
1,8,4.05716042320132,0.455770027562987,9.781450220442782,0.012494145693402214,Change lane 15,False,0.95,True,358.880940807807,2.3356559186433574,428.13982414119,0.8072924150835976,False,False,False,True,True,True,True,True,24.78764713792533,False,11.186072600711697,-1.7901337779729145,0.03265167407248805,26.453163090218855,True,False,0.1319357010751008,True,False,37.13,-1.57,75.25,1.58987,115.83,-1.54,155.89,1.54,195.81,-1.11,235.23,2.07,275.37,-1.22,315.37,1.81,355.94,-1.31,395.88,1.43
1,9,4.061169821686654,0.5446955434672343,9.806422481464454,0.009786397323330278,Change lane 15,False,1.06,True,345.4016547890334,2.3209964777213115,445.4763818556874,0.8199298857256991,False,False,False,True,True,True,True,True,24.78764713792533,False,11.502845357580519,-1.7756998889410376,0.04518552556363648,26.453163090218855,True,False,0.1319357010751008,True,False,37.13,-1.57,75.25,1.58987,115.83,-1.54,155.89,1.54,195.81,-1.11,235.23,2.07,275.37,-1.22,315.37,1.81,355.94,-1.31,395.88,1.43
1,10,4.009737398569542,0.641032268488019,9.78542897406358,0.011753367819351612,Change lane 15,False,1.16,True,324.92945425334034,2.359721639447072,459.9615745301261,0.831834255577597,False,False,False,True,True,True,True,True,29.694547710665056,False,11.831944732778478,-1.756504781579494,0.058207580396937075,26.453163090218855,True,False,0.1319357010751008,True,False,37.13,-1.57,75.25,1.58987,115.83,-1.54,155.89,1.54,195.81,-1.11,235.23,2.07,275.37,-1.22,315.37,1.81,355.94,-1.31,395.88,1.43
1,11,3.97924963002453,0.7516119140313188,9.762626125511304,0.011875600249059528,Change lane 15,False,1.27,True,297.278776970712,2.3757168910587483,482.597436129707,0.8552647361924576,False,False,False,False,True,True,True,True,38.679645697763654,False,12.238925840832188,-1.726843883750017,0.07431118318451514,26.453163090218855,True,False,0.1319357010751008,True,False,37.13,-1.57,75.25,1.58987,115.83,-1.54,155.89,1.54,195.81,-1.11,235.23,2.07,275.37,-1.22,315.37,1.81,355.94,-1.31,395.88,1.43
1,12,3.9842550921437323,0.902857851210887,9.763644520773903,0.013385415414177426,Change lane 15,False,1.38,True,280.46959306180287,2.3726336118305076,502.33766564318654,0.8552841140831138,False,False,False,False,True,True,True,True,38.679645697763654,False,12.64953921488501,-1.690261875936326,0.09056116476466874,26.453163090218855,True,False,0.1319357010751008,True,False,37.13,-1.57,75.25,1.58987,115.83,-1.54,155.89,1.54,195.81,-1.11,235.23,2.07,275.37,-1.22,315.37,1.81,355.94,-1.31,395.88,1.43
1,13,3.992926938780381,1.0423219377037625,9.773707263315169,0.014494491660839071,Change lane 15,False,1.47,True,243.8071677972399,2.403548525705773,529.14828144718,0.8862959612533238,False,False,True,False,True,True,True,True,38.679645697763654,False,13.145590049520685,-1.6371138640299607,0.11020014187597818,26.453163090218855,True,False,0.1319357010751008,True,False,37.13,-1.57,75.25,1.58987,115.83,-1.54,155.89,1.54,195.81,-1.11,235.23,2.07,275.37,-1.22,315.37,1.81,355.94,-1.31,395.88,1.43
1,14,3.9531081351749173,1.2114754483215,9.779024454328923,0.015844116741438343,Change lane 15,False,1.58,True,216.5862176633621,2.403467087888232,553.3880332325373,0.9284072812213002,False,False,True,False,True,True,True,True,38.679645697763654,False,13.687642212254548,-1.5677905785795623,0.1316933014099622,26.453163090218855,True,False,0.1319357010751008,True,False,37.13,-1.57,75.25,1.58987,115.83,-1.54,155.89,1.54,195.81,-1.11,235.23,2.07,275.37,-1.22,315.37,1.81,355.94,-1.31,395.88,1.43
1,15,3.9241597662477066,1.3934385968117575,9.771720434564795,0.018004922960396557,Change lane 15,False,1.69,True,203.707935869637,2.3696776156988855,581.0447109145118,0.9615604449619188,False,False,True,False,True,True,True,True,38.679645697763654,False,14.219454194450204,-1.4883407453185962,0.1529203409940468,26.453163090218855,True,False,0.1319357010751008,True,False,37.13,-1.57,75.25,1.58987,115.83,-1.54,155.89,1.54,195.81,-1.11,235.23,2.07,275.37,-1.22,315.37,1.81,355.94,-1.31,395.88,1.43
1,16,3.913207802682761,1.5819544214657058,9.766442405786634,0.01933583147514843,Change lane 15,False,1.8,True,179.18201053204155,2.367350514844101,602.6282293723173,0.9600703624060106,False,False,True,False,True,True,True,True,38.679645697763654,False,14.846523376711101,-1.3798777024400537,0.17814445158041592,26.453163090218855,True,False,0.1319357010751008,True,False,37.13,-1.57,75.25,1.58987,115.83,-1.54,155.89,1.54,195.81,-1.11,235.23,2.07,275.37,-1.22,315.37,1.81,355.94,-1.31,395.88,1.43
1,17,3.9145390756432867,1.7599384901529067,9.766159774351536,0.02016275073395533,Change lane 15,False,1.9,True,192.1773298714728,2.2860876328555952,275.8869822422477,0.17152157062357537,False,False,True,False,True,True,True,True,38.679645697763654,False,15.454020372306685,-1.259259490198219,0.20278099141568845,26.453163090218855,True,False,0.1319357010751008,True,False,37.13,-1.57,75.25,1.58987,115.83,-1.54,155.89,1.54,195.81,-1.11,235.23,2.07,275.37,-1.22,315.37,1.81,355.94,-1.31,395.88,1.43
1,18,3.8646220222398484,2.0351178109461934,9.769874543394192,0.021085297481260565,Change lane 15,False,2.01,True,392.4910611566171,1.9176717719264795,216.18337490455713,-0.11091869002371728,False,False,True,False,True,True,True,True,38.679645697763654,False,16.16217514996736,-1.098978111005156,0.23179455399829868,26.453163090218855,True,False,0.1319357010751008,True,False,37.13,-1.57,75.25,1.58987,115.83,-1.54,155.89,1.54,195.81,-1.11,235.23,2.07,275.37,-1.22,315.37,1.81,355.94,-1.31,395.88,1.43
1,19,2.622335026029752,2.14596084830142,9.85475411006843,0.10877271875352142,Change lane 15,False,2.11,True,371.3574716882154,1.9233443305156361,289.99368809307066,-0.03438805101611291,False,True,True,True,True,True,True,True,38.679645697763654,False,16.908304093270864,-0.907172105854162,0.26299001508792247,26.453163090218855,True,False,0.1319357010751008,True,False,37.13,-1.57,75.25,1.58987,115.83,-1.54,155.89,1.54,195.81,-1.11,235.23,2.07,275.37,-1.22,315.37,1.81,355.94,-1.31,395.88,1.43
1,20,0.23505891041641994,2.2239890008394276,9.886021398033876,0.34933790989545443,Change lane 15,False,2.22,True,338.6961091856897,1.953019931755449,373.8738123283453,-0.1803489664981019,False,False,True,True,True,True,True,True,38.679645697763654,False,17.67492128022407,-0.6870151293158537,0.2973136450680043,26.453163090218855,True,False,0.1319357010751008,True,False,37.13,-1.57,75.25,1.58987,115.83,-1.54,155.89,1.54,195.81,-1.11,235.23,2.07,275.37,-1.22,315.37,1.81,355.94,-1.31,395.88,1.43
1,21,3.5216193981641353,-0.7718073535334593,9.494855401872348,1.1669427774331422,Change lane 15,False,2.33,True,310.6311703181218,1.9716523392434737,520.935925738053,0.09425146641841736,False,False,True,True,True,True,True,True,38.679645697763654,False,18.37612595231849,-0.46094075520091315,0.3237945693241058,26.453163090218855,True,False,-0.1319357010751008,True,False,37.13,-1.57,75.25,1.58987,115.83,-1.54,155.89,1.54,195.81,-1.11,235.23,2.07,275.37,-1.22,315.37,1.81,355.94,-1.31,395.88,1.43
1,22,-0.5659325649419353,-3.7749009103459796,9.768341659578496,0.2049078438853972,Change lane 15,False,2.43,True,295.9251807681426,1.9904609334923178,601.7643418960455,0.23512938928133748,False,False,True,True,True,True,True,True,38.679645697763654,False,19.145896857679315,-0.19982264080011639,0.3133902258898174,26.453163090218855,True,False,-0.1319357010751008,True,False,37.13,-1.57,75.25,1.58987,115.83,-1.54,155.89,1.54,195.81,-1.11,235.23,2.07,275.37,-1.22,315.37,1.81,355.94,-1.31,395.88,1.43
1,23,-0.4452137651948353,-3.194880579294959,9.717818579926435,0.15864948938086665,Change lane 15,False,2.55,False,296.8643320112457,2.009067492707018,608.6804280960295,0.3479374384252465,False,True,True,True,True,False,True,True,38.679645697763654,False,19.91346459058766,0.04070745601410153,0.28623239822565955,26.453163090218855,True,False,-0.1319357010751008,True,False,37.13,-1.57,75.25,1.58987,115.83,-1.54,155.89,1.54,195.81,-1.11,235.23,2.07,275.37,-1.22,315.37,1.81,355.94,-1.31,395.88,1.43
1,24,-0.016630474536147542,-2.1314393216466243,9.785498095410833,0.04039748675299709,Change lane 15,False,2.66,False,302.3280315667262,2.042149458644686,594.5312313419596,0.4125020172981195,False,True,True,True,True,False,True,True,38.679645697763654,False,20.686442935875238,0.255398381153399,0.25390441347240617,26.453163090218855,True,False,-0.1319357010751008,True,False,37.13,-1.57,75.25,1.58987,115.83,-1.54,155.89,1.54,195.81,-1.11,235.23,2.07,275.37,-1.22,315.37,1.81,355.94,-1.31,395.88,1.43
1,25,0.07230736204500965,-2.231997061985912,9.842226272704012,0.028361565648825863,Change lane 15,False,2.76,False,311.01798521767756,2.062516521310531,572.78531460768,0.5064617699030349,False,True,True,True,True,False,True,True,38.679645697763654,False,21.394455211146195,0.4282175399370635,0.22297533284690643,26.453163090218855,True,False,-0.1319357010751008,True,False,37.13,-1.57,75.25,1.58987,115.83,-1.54,155.89,1.54,195.81,-1.11,235.23,2.07,275.37,-1.22,315.37,1.81,355.94,-1.31,395.88,1.43
1,26,-0.021766143710310264,-2.4380114149256,9.831541469233807,0.012302348406511714,Change lane 24,True,2.87,False,327.2970070149486,2.0914327335946012,541.4253810196079,0.5816548921142582,False,True,True,True,True,False,True,True,38.679645697763654,False,22.17904208147377,0.5928235348267321,0.1883830608154042,26.453163090218855,False,True,-0.1319357010751008,True,False,37.13,-1.57,75.25,1.58987,115.83,-1.54,155.89,1.54,195.81,-1.11,235.23,2.07,275.37,-1.22,315.37,1.81,355.94,-1.31,395.88,1.43
1,27,3.5967153882883496,1.0529382496404476,9.563048667558382,1.2232526512243158,Change lane 24,True,2.9699999999999998,False,341.35936005386617,2.104883495253524,526.2177431537941,0.7017898063855494,False,True,True,True,True,False,True,True,38.679645697763654,False,22.9035705058696,0.7197299058504283,0.16176099312813771,26.453163090218855,False,True,0.1319357010751008,True,False,37.13,-1.57,75.25,1.58987,115.83,-1.54,155.89,1.54,195.81,-1.11,235.23,2.07,275.37,-1.22,315.37,1.81,355.94,-1.31,395.88,1.43
1,28,0.43904440468278355,-0.6683393282454722,9.817520118643818,0.3262219310054253,Change lane 24,True,3.07,False,338.6403727005789,2.128455458982373,515.2276079177909,0.6438599572242257,False,True,True,False,True,False,True,True,38.679645697763654,False,23.70457005684666,0.8464521286178525,0.15364282785057784,26.453163090218855,False,True,-0.1319357010751008,True,False,37.13,-1.57,75.25,1.58987,115.83,-1.54,155.89,1.54,195.81,-1.11,235.23,2.07,275.37,-1.22,315.37,1.81,355.94,-1.31,395.88,1.43
1,29,-0.5015072249551863,-2.9117762469432704,9.795037117209572,0.24491720330919503,Change lane 24,True,3.18,False,352.6491481978455,2.146501537976526,496.58422170579604,0.6561401323945728,False,True,True,False,True,False,True,True,38.679645697763654,False,24.43029332045022,0.9553740228242227,0.13200496793160021,26.453163090218855,False,True,-0.1319357010751008,True,False,37.13,-1.57,75.25,1.58987,115.83,-1.54,155.89,1.54,195.81,-1.11,235.23,2.07,275.37,-1.22,315.37,1.81,355.94,-1.31,395.88,1.43
1,30,-0.287259783022962,-3.2261090492662836,9.731284632571128,0.11563178352295794,Change lane 24,True,3.29,False,370.75644182365585,2.1517342266586224,465.69291227022745,0.6782099945683564,False,True,True,False,True,False,True,True,38.679645697763654,False,25.227728196223165,1.05112624253134,0.10108321859682923,26.453163090218855,False,True,-0.1319357010751008,True,False,37.13,-1.57,75.25,1.58987,115.83,-1.54,155.89,1.54,195.81,-1.11,235.23,2.07,275.37,-1.22,315.37,1.81,355.94,-1.31,395.88,1.43
1,31,-0.031923366370022,-2.263053269283647,9.777216003395996,0.05865606882900428,Change lane 24,True,3.39,False,362.3873814087584,2.189257967684777,431.2903930417543,0.6294576277437232,False,True,True,False,True,True,True,True,38.679645697763654,False,25.95396292330772,1.1141116254615406,0.07061637302798383,26.453163090218855,False,True,-0.1319357010751008,True,False,37.13,-1.57,75.25,1.58987,115.83,-1.54,155.89,1.54,195.81,-1.11,235.23,2.07,275.37,-1.22,315.37,1.81,355.94,-1.31,395.88,1.43
1,32,0.028496565234748937,-2.225232998590804,9.83224919133464,0.023503954326122005,Change lane 24,True,3.5,False,364.9959167887615,2.2007405027398486,424.8214483867256,0.6961374190354372,False,True,True,False,True,True,True,True,38.679645697763654,False,26.75437099327238,1.1575571579124098,0.03619577603028556,26.453163090218855,False,True,-0.1319357010751008,True,False,37.13,-1.57,75.25,1.58987,115.83,-1.54,155.89,1.54,195.81,-1.11,235.23,2.07,275.37,-1.22,315.37,1.81,355.94,-1.31,395.88,1.43
1,33,-0.033836894280727746,-2.4073272737691913,9.823082343602701,0.011868636098046384,Change lane 24,True,3.6,False,398.3794079838618,2.181391029736853,383.89406442882773,0.7299581806584334,False,True,True,False,True,True,True,True,38.679645697763654,False,27.4829382627252,1.173196694553363,0.004618321943160688,26.453163090218855,False,True,-0.1319357010751008,True,False,37.13,-1.57,75.25,1.58987,115.83,-1.54,155.89,1.54,195.81,-1.11,235.23,2.07,275.37,-1.22,315.37,1.81,355.94,-1.31,395.88,1.43
1,34,-0.07470264714056385,-2.3977224112040165,9.789335282747704,0.012082772982216251,Change lane 24,True,3.71,False,426.85454539338707,2.179835693000757,328.9212363842909,0.6574051405416463,False,True,True,False,True,True,True,True,45.898450181152576,False,28.284451114161424,1.1636928732340182,-0.030220513543260268,26.453163090218855,False,True,-0.1319357010751008,True,False,37.13,-1.57,75.25,1.58987,115.83,-1.54,155.89,1.54,195.81,-1.11,235.23,2.07,275.37,-1.22,315.37,1.81,355.94,-1.31,395.88,1.43
1,35,-0.06361511780820316,-2.356241942893576,9.78252813182036,0.0027546690766921704,Change lane 24,True,3.81,False,388.58130697551206,2.136628913468084,291.5940944360083,0.651406602848785,False,True,True,False,True,True,True,True,45.898450181152576,False,29.01235190196971,1.1307687684035121,-0.061926257293641374,26.453163090218855,False,True,-0.1319357010751008,True,False,37.13,-1.57,75.25,1.58987,115.83,-1.54,155.89,1.54,195.81,-1.11,235.23,2.07,275.37,-1.22,315.37,1.81,355.94,-1.31,395.88,1.43
1,36,-0.04248295120681804,-2.3589149662365108,9.796258487137464,0.00209684978182827,Change lane 24,True,3.92,False,394.0825188449227,2.1469466665047787,254.5481161965292,0.6056902976315424,False,True,False,False,True,True,True,True,45.898450181152576,False,29.811356308277038,1.067933587647741,-0.09681595077933414,26.453163090218855,False,True,-0.1319357010751008,True,False,37.13,-1.57,75.25,1.58987,115.83,-1.54,155.89,1.54,195.81,-1.11,235.23,2.07,275.37,-1.22,315.37,1.81,355.94,-1.31,395.88,1.43
1,37,-0.03827788910192353,-2.3675502618061204,9.804105163297505,0.0005024813205798379,Change lane 24,True,4.02,False,428.46325362845937,2.1501402916610646,225.5640155211202,0.6681511770607197,False,True,False,False,True,True,True,True,45.898450181152576,False,30.535432293189597,0.9866609449599488,-0.12853806873334175,26.453163090218855,False,True,-0.1319357010751008,True,False,37.13,-1.57,75.25,1.58987,115.83,-1.54,155.89,1.54,195.81,-1.11,235.23,2.07,275.37,-1.22,315.37,1.81,355.94,-1.31,395.88,1.43
1,38,-0.043881622060519716,-2.3670379518073688,9.801438078605642,0.0008837144987569043,Change lane 24,True,4.12,False,194.85735760319398,-0.4591539668161523,288.5271326894446,0.7461448820292355,False,False,False,False,True,True,True,True,6.51469784075561,False,31.256577535737897,0.8824579634600264,-0.1602615707432327,26.453163090218855,False,True,-0.1319357010751008,True,False,37.13,-1.57,75.25,1.58987,115.83,-1.54,155.89,1.54,195.81,-1.11,235.23,2.07,275.37,-1.22,315.37,1.81,355.94,-1.31,395.88,1.43
1,39,-0.048847177802152586,-2.364993023799998,9.79619574034785,0.0003843426316471906,Change lane 24,True,4.22,False,346.47309327892515,1.3962114561263277,330.4630495419325,0.9353281209514642,False,False,False,False,True,True,True,True,6.51469784075561,False,31.97405724676366,0.7554314045578828,-0.19198559524876005,26.453163090218855,False,True,-0.1319357010751008,True,False,37.13,-1.57,75.25,1.58987,115.83,-1.54,155.89,1.54,195.81,-1.11,235.23,2.07,275.37,-1.22,315.37,1.81,355.94,-1.31,395.88,1.43
1,40,3.6096519743331017,-0.06936043965769384,9.516430765529863,2.3761462455189646,Change lane 24,True,4.32,False,358.0274751598621,2.2858849977016535,302.4087746313838,0.94584165685178,False,False,False,False,True,True,True,True,4.473790258212385,False,32.69008049350159,0.6051685472742374,-0.22222706060637648,26.453163090218855,False,True,0.1319357010751008,True,False,37.13,-1.57,75.25,1.58987,115.83,-1.54,155.89,1.54,195.81,-1.11,235.23,2.07,275.37,-1.22,315.37,1.81,355.94,-1.31,395.88,1.43
1,41,17.795168475854567,3.6227600853037147,12.270828849199152,7.903422149583973,Change lane 24,True,4.41,False,340.2246817603683,1.5793507585592808,323.42221802629695,1.0416052636652497,False,False,False,False,True,True,True,True,3.984793746163548,False,32.711109651729245,0.6319095448538421,-0.2513749370179895,26.453163090218855,False,True,0.1319357010751008,True,False,37.13,-1.57,75.25,1.58987,115.83,-1.54,155.89,1.54,195.81,-1.11,235.23,2.07,275.37,-1.22,315.37,1.81,355.94,-1.31,395.88,1.43
1,42,21.438794462411764,-40.39497283147263,13.748010507030767,33.49801608871962,Change lane 24,True,4.52,False,405.18712267150323,0.8029262034629214,301.29823227233686,0.97972934081521,False,False,False,True,True,True,True,True,3.5910974769872603,False,32.64958160931278,0.6718320868096064,-0.40839532305590315,26.453163090218855,False,True,0.1319357010751008,True,False,37.13,-1.57,75.25,1.58987,115.83,-1.54,155.89,1.54,195.81,-1.11,235.23,2.07,275.37,-1.22,315.37,1.81,355.94,-1.31,395.88,1.43
1,43,-4.280429225291818,6.881800967432802,11.394339593172685,0.0,Change lane 24,True,4.62,False,247.45279284478747,-0.9910517167444979,308.7774973358722,0.953455839774271,False,False,False,True,True,True,False,True,3.5910974769872603,False,32.652864970226595,0.66044246325903,-0.510242365648627,26.453163090218855,False,True,0.1319357010751008,False,False,37.13,-1.57,75.25,1.58987,115.83,-1.54,155.89,1.54,195.81,-1.11,235.23,2.07,275.37,-1.22,315.37,1.81,355.94,-1.31,395.88,1.43
2,1,0.0,0.0,0.0,0.0,Cruise 16,False,0.0,True,406.34197790834554,2.313552692042681,391.468548032546,0.7853981633974483,False,False,True,True,True,True,True,True,0.0,False,10.283090644526276,-1.810000000000009,1.0146329331095084e-14,0.0,False,False,0.0,True,False,37.13,-1.57,75.25,1.58987,115.83,-1.54,155.89,1.54,195.81,-1.11,235.23,2.07,275.37,-1.22,315.37,1.81,355.94,-1.31,395.88,1.43
2,2,3.326811725738182,0.04617324811362417,9.576433928511845,1.1233763717311795,Change lane 15,False,0.29,True,405.42341584877147,2.320615365823228,391.16397883021335,0.7853981633974483,False,False,False,True,True,True,True,True,25.27008331304946,False,10.287084292682351,-1.8098945151709822,-5.629841825732936e-05,26.434206210100864,True,False,0.03728080452140796,True,False,37.13,-1.57,75.25,1.58987,115.83,-1.54,155.89,1.54,195.81,-1.11,235.23,2.07,275.37,-1.22,315.37,1.81,355.94,-1.31,395.88,1.43
2,3,4.400477103088866,0.30839795322920166,9.79167156695199,0.13975621765467325,Change lane 15,False,0.4,True,400.72418786124734,2.3185261673527355,387.37889910467857,0.7853981633974483,False,False,False,True,True,True,True,True,25.27008331304946,False,10.324727592796489,-1.8095998080040705,0.00011047378577684731,26.45240901541047,True,False,0.13193948412310552,True,False,37.13,-1.57,75.25,1.58987,115.83,-1.54,155.89,1.54,195.81,-1.11,235.23,2.07,275.37,-1.22,315.37,1.81,355.94,-1.31,395.88,1.43
2,4,4.557511981961411,0.293396456356029,9.924136884361927,0.03210480180587894,Change lane 15,False,0.5,True,392.6378785152961,2.2944628825285625,387.56500986442614,0.7853981633974483,False,False,False,True,True,True,True,True,25.29288477394141,False,10.412369800983175,-1.8089995270692492,0.002346961266210644,26.45240901541047,True,False,0.13193948412310552,True,False,37.13,-1.57,75.25,1.58987,115.83,-1.54,155.89,1.54,195.81,-1.11,235.23,2.07,275.37,-1.22,315.37,1.81,355.94,-1.31,395.88,1.43
2,5,4.0889660068883895,0.32901853487390503,9.853679474715461,0.04888767330738633,Change lane 15,False,0.59,True,386.60939196208153,2.294621288533458,392.16260474112556,0.786649747507949,False,False,False,True,True,True,True,True,25.29288477394141,False,10.534061197085581,-1.8076861277911944,0.006580005780422019,26.45240901541047,True,False,0.13193948412310552,True,False,37.13,-1.57,75.25,1.58987,115.83,-1.54,155.89,1.54,195.81,-1.11,235.23,2.07,275.37,-1.22,315.37,1.81,355.94,-1.31,395.88,1.43
2,6,3.816544135029938,0.307238101566913,9.727180551280235,0.009636628508491693,Change lane 15,False,0.7,True,384.6505269639134,2.317931415303393,402.969343425313,0.800703090740359,False,False,False,True,True,True,True,True,25.158884932750535,False,10.677165825862344,-1.80537069649652,0.011987009156422073,26.45240901541047,True,False,0.13193948412310552,True,False,37.13,-1.57,75.25,1.58987,115.83,-1.54,155.89,1.54,195.81,-1.11,235.23,2.07,275.37,-1.22,315.37,1.81,355.94,-1.31,395.88,1.43
2,7,3.887221138131931,0.3454175233681013,9.703664194465224,0.01702179834298531,Change lane 15,False,0.79,True,376.6104466842741,2.3216584808277445,412.222144408463,0.8025197778010871,False,False,False,True,True,True,True,True,25.158884932750535,False,10.89487857419049,-1.8003514861340668,0.02047663931209275,26.45240901541047,True,False,0.13193948412310552,True,False,37.13,-1.57,75.25,1.58987,115.83,-1.54,155.89,1.54,195.81,-1.11,235.23,2.07,275.37,-1.22,315.37,1.81,355.94,-1.31,395.88,1.43
2,8,4.032654684069317,0.4288987063278818,9.763487830427268,0.015541574967886268,Change lane 15,False,0.9,True,364.26476841127777,2.3206160473076287,422.9631175882773,0.8018827461864252,False,False,False,True,True,True,True,True,24.72691245833564,False,11.133804417261542,-1.7927371037456312,0.029898639836626426,26.45240901541047,True,False,0.13193948412310552,True,False,37.13,-1.57,75.25,1.58987,115.83,-1.54,155.89,1.54,195.81,-1.11,235.23,2.07,275.37,-1.22,315.37,1.81,355.94,-1.31,395.88,1.43
2,9,4.071991061616071,0.5093802779365274,9.80379366853808,0.009189631109230325,Change lane 15,False,1.0,True,346.2918350568883,2.3368832607537864,439.50830749593774,0.8212595542369876,False,False,False,True,True,True,True,True,24.72691245833564,False,11.41197586477534,-1.781041806393193,0.0408985147564601,26.45240901541047,True,False,0.13193948412310552,True,False,37.13,-1.57,75.25,1.58987,115.83,-1.54,155.89,1.54,195.81,-1.11,235.23,2.07,275.37,-1.22,315.37,1.81,355.94,-1.31,395.88,1.43
2,10,4.025425925948239,0.6111199832700137,9.794179972751746,0.022893192072357228,Change lane 15,False,1.09,True,331.6180715469954,2.347008728611094,455.27356528588626,0.8243140055132707,False,False,False,True,True,True,True,True,31.02384532316572,False,11.729359857841269,-1.7639637930594492,0.053454868578535174,26.45240901541047,True,False,0.13193948412310552,True,False,37.13,-1.57,75.25,1.58987,115.83,-1.54,155.89,1.54,195.81,-1.11,235.23,2.07,275.37,-1.22,315.37,1.81,355.94,-1.31,395.88,1.43
2,11,3.982028215829887,0.7282751891853436,9.765514234555786,0.011727454095156667,Change lane 15,False,1.2,True,307.83742501523324,2.3541980612702966,477.19023637680874,0.8386087564479351,False,False,False,True,True,True,True,True,31.02384532316572,False,12.08576181929438,-1.7400410521896366,0.06755574008728801,26.45240901541047,True,False,0.13193948412310552,True,False,37.13,-1.57,75.25,1.58987,115.83,-1.54,155.89,1.54,195.81,-1.11,235.23,2.07,275.37,-1.22,315.37,1.81,355.94,-1.31,395.88,1.43
2,12,3.9807570245202575,0.8633212246943998,9.760986875697215,0.012993264218242612,Change lane 15,False,1.31,True,281.7222970233353,2.3908191182495235,495.5503635015779,0.8553208467032529,False,False,False,False,True,True,True,True,39.4995452349389,False,12.52259380000563,-1.703857777610778,0.08484115351592947,26.45240901541047,True,False,0.13193948412310552,True,False,37.13,-1.57,75.25,1.58987,115.83,-1.54,155.89,1.54,195.81,-1.11,235.23,2.07,275.37,-1.22,315.37,1.81,355.94,-1.31,395.88,1.43
2,13,3.9906098283584455,0.9851887762688949,9.77005602739261,0.014077190191329848,Change lane 15,False,1.41,True,255.73958558784867,2.4002133810744755,514.8609676666659,0.8731275820264168,False,False,False,False,True,True,True,True,39.4995452349389,False,12.960169626694066,-1.6600080885956527,0.10216135510536241,26.45240901541047,True,False,0.13193948412310552,True,False,37.13,-1.57,75.25,1.58987,115.83,-1.54,155.89,1.54,195.81,-1.11,235.23,2.07,275.37,-1.22,315.37,1.81,355.94,-1.31,395.88,1.43
2,14,3.9924612941584914,1.1315777680695907,9.77653272116858,0.015160510015381146,Change lane 15,False,1.51,True,208.59421413799961,2.4466141592719626,541.6493694975122,0.9046412280066664,False,False,True,False,True,True,True,True,39.4995452349389,False,13.43596064752934,-1.6036521314938241,0.12100490393948762,26.45240901541047,True,False,0.13193948412310552,True,False,37.13,-1.57,75.25,1.58987,115.83,-1.54,155.89,1.54,195.81,-1.11,235.23,2.07,275.37,-1.22,315.37,1.81,355.94,-1.31,395.88,1.43
2,15,3.935886844247937,1.3056036555885866,9.775560244550615,0.0165541750311691,Change lane 15,False,1.6099999999999999,True,230.43112031446225,2.3429249598532658,566.8499395722298,0.947544124289304,False,False,True,False,True,True,True,True,39.4995452349389,False,13.949350628674273,-1.5326976539924653,0.1414218056288975,26.45240901541047,True,False,0.13193948412310552,True,False,37.13,-1.57,75.25,1.58987,115.83,-1.54,155.89,1.54,195.81,-1.11,235.23,2.07,275.37,-1.22,315.37,1.81,355.94,-1.31,395.88,1.43
2,16,3.91732506567316,1.4674584587741502,9.769008325612702,0.018772731360690374,Change lane 15,False,1.71,True,197.5482914664854,2.347038595239072,579.6505633542098,1.0462064605492878,False,False,True,False,True,True,True,True,39.4995452349389,False,14.499532650784742,-1.4448648583981032,0.16346076932785356,26.45240901541047,True,False,0.13193948412310552,True,False,37.13,-1.57,75.25,1.58987,115.83,-1.54,155.89,1.54,195.81,-1.11,235.23,2.07,275.37,-1.22,315.37,1.81,355.94,-1.31,395.88,1.43
2,17,3.9136247805964315,1.6998359794829945,9.765872374401257,0.0198606234956817,Change lane 15,False,1.8199999999999998,True,148.35708259913508,2.3939809759750244,617.9544486816567,1.0344386284621065,False,False,True,False,True,True,True,True,39.4995452349389,False,15.146406941960919,-1.3257105762789625,0.1895797328282847,26.45240901541047,True,False,0.13193948412310552,True,False,37.13,-1.57,75.25,1.58987,115.83,-1.54,155.89,1.54,195.81,-1.11,235.23,2.07,275.37,-1.22,315.37,1.81,355.94,-1.31,395.88,1.43
2,18,3.8972089376878762,1.8883462071358723,9.768837735722215,0.031815726342358845,Change lane 15,False,1.92,True,404.89645752922377,1.9057322955782767,162.07108722327052,-0.18198974461245354,False,False,True,True,True,True,True,True,39.4995452349389,False,15.771467721339508,-1.1939530117760517,0.2150318441831893,26.45240901541047,True,False,0.13193948412310552,True,False,37.13,-1.57,75.25,1.58987,115.83,-1.54,155.89,1.54,195.81,-1.11,235.23,2.07,275.37,-1.22,315.37,1.81,355.94,-1.31,395.88,1.43
2,19,3.8633125974975693,2.1023646028444185,9.768375084628289,0.02242405973276663,Change lane 15,False,2.01,True,386.43580117661685,1.9192980184768356,280.19403212286943,0.046215371610219866,False,False,True,True,True,True,True,True,39.4995452349389,False,16.43039875351495,-1.0370418239633896,0.24218493296476162,26.45240901541047,True,False,0.13193948412310552,True,False,37.13,-1.57,75.25,1.58987,115.83,-1.54,155.89,1.54,195.81,-1.11,235.23,2.07,275.37,-1.22,315.37,1.81,355.94,-1.31,395.88,1.43
2,20,2.104547430336974,2.136620634520605,9.839219381604634,0.0795441291971397,Change lane 15,False,2.13,True,365.2771118322721,1.932139664610748,251.28297490097725,-0.2835560200682945,False,False,True,True,True,True,True,True,39.4995452349389,False,17.18649670959561,-0.835090121376391,0.27445763926542893,26.45240901541047,True,False,0.13193948412310552,True,False,37.13,-1.57,75.25,1.58987,115.83,-1.54,155.89,1.54,195.81,-1.11,235.23,2.07,275.37,-1.22,315.37,1.81,355.94,-1.31,395.88,1.43
2,21,-0.010253419778566218,2.3689776773395437,9.859107029646571,0.09025739019022593,Change lane 15,False,2.23,True,329.95031950304445,1.9527473873536865,410.49525883958904,-0.13775382423173815,False,False,True,True,True,True,True,True,39.4995452349389,False,17.884999883522568,-0.6273827596559901,0.3061570829691919,26.45240901541047,True,False,-0.13193948412310552,True,False,37.13,-1.57,75.25,1.58987,115.83,-1.54,155.89,1.54,195.81,-1.11,235.23,2.07,275.37,-1.22,315.37,1.81,355.94,-1.31,395.88,1.43
2,22,-2.684204105866765,-2.6908721151959485,10.056425678093897,0.5512420673138755,Change lane 15,False,2.33,True,305.5474706925992,1.9717258046531643,716.9375714682207,1.1403315539605887,False,False,True,True,True,True,True,True,39.4995452349389,False,18.591362553095525,-0.39457870274375917,0.319859915673781,26.45240901541047,True,False,-0.13193948412310552,True,False,37.13,-1.57,75.25,1.58987,115.83,-1.54,155.89,1.54,195.81,-1.11,235.23,2.07,275.37,-1.22,315.37,1.81,355.94,-1.31,395.88,1.43
2,23,-0.6750766109325134,-4.087100598084626,9.731320122951374,0.08772608051715745,Change lane 15,False,2.43,True,301.4298430295729,1.9901379743473617,590.4270444551297,0.24123113904287807,False,False,True,True,True,False,True,True,39.4995452349389,False,19.288071451341626,-0.1643578442770709,0.30302913344337684,26.45240901541047,True,False,-0.13193948412310552,True,False,37.13,-1.57,75.25,1.58987,115.83,-1.54,155.89,1.54,195.81,-1.11,235.23,2.07,275.37,-1.22,315.37,1.81,355.94,-1.31,395.88,1.43
2,24,-0.37173863077485936,-2.897874283304251,9.71384565714225,0.3136813815155793,Change lane 15,False,2.5300000000000002,False,304.397645032017,2.023215211825693,594.8620548647242,0.40114464442685555,False,True,True,True,True,False,True,True,39.4995452349389,False,20.05794377227821,0.06620350021820803,0.27386340542900384,26.45240901541047,True,False,-0.13193948412310552,True,False,37.13,-1.57,75.25,1.58987,115.83,-1.54,155.89,1.54,195.81,-1.11,235.23,2.07,275.37,-1.22,315.37,1.81,355.94,-1.31,395.88,1.43
2,25,0.0336704727194235,-2.1063291203923744,9.802030840621766,0.023626235539836532,Change lane 15,False,2.65,False,311.5106177792604,2.0444819975811406,577.1001750843791,0.5128338608130182,False,True,True,True,True,False,True,True,39.4995452349389,False,20.76254930320086,0.25335218352089417,0.24393699505560804,26.45240901541047,True,False,-0.13193948412310552,True,False,37.13,-1.57,75.25,1.58987,115.83,-1.54,155.89,1.54,195.81,-1.11,235.23,2.07,275.37,-1.22,315.37,1.81,355.94,-1.31,395.88,1.43
2,26,0.058366508947579915,-2.3392195396560034,9.853242316161948,0.026282434777406254,Change lane 15,False,2.75,False,322.9366160568612,2.0608167039131904,558.2900107358465,0.5964896149616647,False,True,True,True,True,False,True,True,39.4995452349389,False,21.543447541780644,0.4344583503920285,0.20972426178737774,26.45240901541047,True,False,-0.13193948412310552,True,False,37.13,-1.57,75.25,1.58987,115.83,-1.54,155.89,1.54,195.81,-1.11,235.23,2.07,275.37,-1.22,315.37,1.81,355.94,-1.31,395.88,1.43
2,27,-0.04935850206613592,-2.440627381580124,9.820438712811754,0.011278957420175467,Change lane 24,True,2.85,False,341.1950901939599,2.094192790153496,531.1507552692001,0.6781478487215616,False,True,True,True,True,False,True,True,39.4995452349389,False,22.258409534274524,0.5757095052489478,0.17821340778114567,26.45240901541047,False,True,-0.13193948412310552,True,False,37.13,-1.57,75.25,1.58987,115.83,-1.54,155.89,1.54,195.81,-1.11,235.23,2.07,275.37,-1.22,315.37,1.81,355.94,-1.31,395.88,1.43
2,28,-2.665260243135015,-0.08559550541355757,10.116480335776489,2.115049579069633,Change lane 24,True,2.94,False,351.0744255433435,2.0940561472767554,496.72734209856935,0.5894297456380398,False,True,True,True,True,False,True,True,39.4995452349389,False,22.985715526022783,0.6961904486134393,0.155577377155947,26.45240901541047,False,True,0.13193948412310552,True,False,37.13,-1.57,75.25,1.58987,115.83,-1.54,155.89,1.54,195.81,-1.11,235.23,2.07,275.37,-1.22,315.37,1.81,355.94,-1.31,395.88,1.43
2,29,-0.12904868653026763,-0.4773342512043563,9.869400557092165,0.6543768058602227,Change lane 24,True,3.06,False,345.40095671228005,2.126503217567885,505.8927869743257,0.6260985857092886,False,True,True,True,True,False,True,True,39.4995452349389,False,23.788183750420547,0.8198970583417446,0.14996594038648697,26.45240901541047,False,True,-0.13193948412310552,True,False,37.13,-1.57,75.25,1.58987,115.83,-1.54,155.89,1.54,195.81,-1.11,235.23,2.07,275.37,-1.22,315.37,1.81,355.94,-1.31,395.88,1.43
2,30,-0.4357729042700675,-3.58667028567418,9.758053132515064,0.35992477437442455,Change lane 24,True,3.16,False,379.0193818916138,2.0688243310364185,493.3025962571718,0.6372221240972045,False,True,True,False,True,False,True,True,39.4995452349389,False,24.51396635447756,0.926300642775047,0.12818396975936333,26.45240901541047,False,True,-0.13193948412310552,True,False,37.13,-1.57,75.25,1.58987,115.83,-1.54,155.89,1.54,195.81,-1.11,235.23,2.07,275.37,-1.22,315.37,1.81,355.94,-1.31,395.88,1.43
2,31,-0.2752817516079715,-3.1664208298397254,9.729133620580654,0.09999669798425065,Change lane 24,True,3.26,False,374.9553491634765,2.145416939464229,465.7373218667942,0.6795446491160717,False,True,True,False,True,False,True,True,39.4995452349389,False,25.239137774470226,1.0115568046738366,0.1001755378210066,26.45240901541047,False,True,-0.13193948412310552,True,False,37.13,-1.57,75.25,1.58987,115.83,-1.54,155.89,1.54,195.81,-1.11,235.23,2.07,275.37,-1.22,315.37,1.81,355.94,-1.31,395.88,1.43
2,32,-0.03415585631019582,-2.251654932141588,9.775246412860396,0.050839354361770055,Change lane 24,True,3.36,False,379.54220828069083,2.1650616166029426,440.6742890536175,0.7149473515097637,False,True,True,False,True,True,True,True,39.4995452349389,False,25.965440791773904,1.0739106262609008,0.0698214983080553,26.45240901541047,False,True,-0.13193948412310552,True,False,37.13,-1.57,75.25,1.58987,115.83,-1.54,155.89,1.54,195.81,-1.11,235.23,2.07,275.37,-1.22,315.37,1.81,355.94,-1.31,395.88,1.43
2,33,0.03344665351675672,-2.2144850464653594,9.833797927765914,0.024299536052733127,Change lane 24,True,3.45,False,417.38151530575055,2.1151134066815818,395.53249943115037,0.6456831033344701,False,True,True,False,True,True,True,True,39.4995452349389,False,26.76586818005904,1.1167341878892572,0.03544366994154437,26.45240901541047,False,True,-0.13193948412310552,True,False,37.13,-1.57,75.25,1.58987,115.83,-1.54,155.89,1.54,195.81,-1.11,235.23,2.07,275.37,-1.22,315.37,1.81,355.94,-1.31,395.88,1.43
2,34,-0.03878893724998292,-2.4189253631523564,9.821645282603265,0.010638724538279552,Change lane 24,True,3.57,False,386.89356875789025,2.195822107100776,336.78181670469974,0.6631682344543984,False,True,True,False,True,True,True,True,39.4995452349389,False,27.494432428617074,1.1318406258592313,0.003879456425631438,26.45240901541047,False,True,-0.13193948412310552,True,False,37.13,-1.57,75.25,1.58987,115.83,-1.54,155.89,1.54,195.81,-1.11,235.23,2.07,275.37,-1.22,315.37,1.81,355.94,-1.31,395.88,1.43
2,35,-0.07518005480741197,-2.406172655514337,9.791680177613205,0.006563473123429206,Change lane 24,True,3.67,False,361.19940162697304,2.1805535820045736,340.8585561782304,0.7331366176404204,False,True,True,False,True,True,True,True,39.4995452349389,False,28.22308169575208,1.1238253177633355,-0.027785117948657647,26.45240901541047,False,True,-0.13193948412310552,True,False,37.13,-1.57,75.25,1.58987,115.83,-1.54,155.89,1.54,195.81,-1.11,235.23,2.07,275.37,-1.22,315.37,1.81,355.94,-1.31,395.88,1.43
2,36,-0.06723434950051307,-2.3574741346284407,9.781042198423394,0.003463435658912723,Change lane 24,True,3.77,False,385.54124846906416,2.1375230045974156,290.07143420429423,0.6686255525501256,False,True,True,False,True,True,True,True,45.604773749702716,False,28.95104646063263,1.0926754122195244,-0.05948710010432662,26.45240901541047,False,True,-0.13193948412310552,True,False,37.13,-1.57,75.25,1.58987,115.83,-1.54,155.89,1.54,195.81,-1.11,235.23,2.07,275.37,-1.22,315.37,1.81,355.94,-1.31,395.88,1.43
2,37,-0.045463523485407505,-2.3558078131956353,9.79306394887798,0.002592356398776582,Change lane 24,True,3.87,False,416.17479055988593,2.1184833161423358,261.9645609926957,0.6141060869267417,False,True,True,False,True,True,True,True,45.604773749702716,False,29.6776237651948,1.038475379008189,-0.09120336898572204,26.45240901541047,False,True,-0.13193948412310552,True,False,37.13,-1.57,75.25,1.58987,115.83,-1.54,155.89,1.54,195.81,-1.11,235.23,2.07,275.37,-1.22,315.37,1.81,355.94,-1.31,395.88,1.43
2,38,-0.03750837352196457,-2.3660624105051524,9.803221196143436,0.001527132623959055,Change lane 24,True,3.9699999999999998,False,412.79094572329416,2.140321007312643,208.31154590811778,0.5963165341234453,False,True,False,False,True,True,True,True,25.86581836788253,False,30.402120133048754,0.9612711278830502,-0.12292478643384581,26.45240901541047,False,True,-0.13193948412310552,True,False,37.13,-1.57,75.25,1.58987,115.83,-1.54,155.89,1.54,195.81,-1.11,235.23,2.07,275.37,-1.22,315.37,1.81,355.94,-1.31,395.88,1.43
2,39,-0.04082595367335607,-2.3680380679658004,9.803711078970121,0.000761173187640484,Change lane 24,True,4.05,False,148.43471854045683,-1.0171591507448419,313.51303794375775,0.7631569600233832,False,False,False,False,True,True,True,True,5.985012952228345,False,31.123816236983558,0.86112197091441,-0.15464803970318744,26.45240901541047,False,True,-0.13193948412310552,True,False,37.13,-1.57,75.25,1.58987,115.83,-1.54,155.89,1.54,195.81,-1.11,235.23,2.07,275.37,-1.22,315.37,1.81,355.94,-1.31,395.88,1.43
2,40,-0.04770358809799033,-2.365400636013258,9.797771320466659,0.0006376097043194007,Change lane 24,True,4.16,False,309.9637786932535,0.6666372030429684,347.21528952777675,0.9587024562496343,False,False,False,False,True,True,True,True,5.985012952228345,False,31.770341295507556,0.7514523191595024,-0.18319957983947785,26.45240901541047,False,True,-0.13193948412310552,True,False,37.13,-1.57,75.25,1.58987,115.83,-1.54,155.89,1.54,195.81,-1.11,235.23,2.07,275.37,-1.22,315.37,1.81,355.94,-1.31,395.88,1.43
2,41,3.6215971278061,-0.06294125092542001,9.515262428331104,4.341953573902002,Change lane 24,True,4.25,False,365.34960258024375,2.281886816533502,324.8438527442316,0.8508200125671982,False,False,False,True,True,True,True,True,4.1674280059705335,False,32.48764932787711,0.6074861328296082,-0.21344143430767268,26.45240901541047,False,True,0.13193948412310552,True,False,37.13,-1.57,75.25,1.58987,115.83,-1.54,155.89,1.54,195.81,-1.11,235.23,2.07,275.37,-1.22,315.37,1.81,355.94,-1.31,395.88,1.43
2,42,-5.82028066005454,-2.6388962406850043,8.427023168919753,0.0,Change lane 24,True,4.35,False,334.8680460614299,1.332173246634638,320.13467516169936,1.0139356036047078,False,False,False,True,True,True,True,True,4.1674280059705335,False,32.69001562123213,0.5850653019439678,-0.23415582359085146,26.45240901541047,False,True,0.13193948412310552,False,False,37.13,-1.57,75.25,1.58987,115.83,-1.54,155.89,1.54,195.81,-1.11,235.23,2.07,275.37,-1.22,315.37,1.81,355.94,-1.31,395.88,1.43
3,1,0.038981273438354336,1.3541426745640743e-13,9.805078921201954,0.0,Cruise 16,False,0.19,True,406.34197790834554,2.313552692042681,391.468548032546,0.7853981633974483,False,False,True,True,True,True,True,True,0.0,False,10.28309186880291,-1.810000000000009,1.0121563840451703e-14,0.0,False,False,0.0,True,False,37.13,-1.57,75.25,1.58987,115.83,-1.54,155.89,1.54,195.81,-1.11,235.23,2.07,275.37,-1.22,315.37,1.81,355.94,-1.31,395.88,1.43
3,2,2.6104867150163185,0.07636641082980834,9.595438756947095,0.6778760313823725,Change lane 15,False,0.3,True,404.73138359295643,2.3077213882184493,391.23138851810506,0.7868308491267081,False,False,False,True,True,True,True,True,25.27008331304946,False,10.284391941620651,-1.8099184898806442,-5.421186031994869e-05,26.435427238617127,True,False,0.03725173241387794,True,False,37.13,-1.57,75.25,1.58987,115.83,-1.54,155.89,1.54,195.81,-1.11,235.23,2.07,275.37,-1.22,315.37,1.81,355.94,-1.31,395.88,1.43
3,3,4.208553666477976,0.206883747819222,9.750526977807407,0.11216977365345872,Change lane 15,False,0.4,True,402.2647895852464,2.3162530385614306,388.87772591644176,0.7870510258448905,False,False,False,True,True,True,True,True,25.27008331304946,False,10.3140056950778,-1.8095512038645918,6.015101220118793e-05,26.453163090218855,True,False,0.1319357010751008,True,False,37.13,-1.57,75.25,1.58987,115.83,-1.54,155.89,1.54,195.81,-1.11,235.23,2.07,275.37,-1.22,315.37,1.81,355.94,-1.31,395.88,1.43
3,4,4.619683585864104,0.26027539356293505,9.905109225692451,0.017265237038866697,Change lane 15,False,0.5,True,396.66051128591965,2.3143994386656406,387.1067478553838,0.7853981633974483,False,False,False,True,True,True,True,True,25.22826676897087,False,10.383520146812483,-1.8090889540537178,0.001958077760924954,26.453163090218855,True,False,0.1319357010751008,True,False,37.13,-1.57,75.25,1.58987,115.83,-1.54,155.89,1.54,195.81,-1.11,235.23,2.07,275.37,-1.22,315.37,1.81,355.94,-1.31,395.88,1.43
3,5,4.1880330875585,0.31346213743526796,9.878432605479796,0.05147699199570992,Change lane 15,False,0.6,True,391.0461521739191,2.316072476952183,394.64558775419,0.7917406030280304,False,False,False,True,True,True,True,True,25.22826676897087,False,10.506355179785709,-1.8077997505530146,0.006296474341261428,26.453163090218855,True,False,0.1319357010751008,True,False,37.13,-1.57,75.25,1.58987,115.83,-1.54,155.89,1.54,195.81,-1.11,235.23,2.07,275.37,-1.22,315.37,1.81,355.94,-1.31,395.88,1.43
3,6,3.8296523926202153,0.2970971732690654,9.736791571970134,0.016660257854344756,Change lane 15,False,0.72,True,389.21122760906786,2.3210338249655047,401.37499823504066,0.7998716135559815,False,False,False,True,True,True,True,True,25.239083638545576,False,10.676911214999414,-1.8049863708787015,0.012810948330871003,26.453163090218855,True,False,0.1319357010751008,True,False,37.13,-1.57,75.25,1.58987,115.83,-1.54,155.89,1.54,195.81,-1.11,235.23,2.07,275.37,-1.22,315.37,1.81,355.94,-1.31,395.88,1.43
3,7,3.8598257263180744,0.33167260433028567,9.699315037733975,0.032764680252368075,Change lane 15,False,0.82,True,376.37997625192423,2.3232896223694204,413.69536362686534,0.802381668307714,False,False,False,True,True,True,True,True,24.781520743292774,False,10.87286211569509,-1.800384192613728,0.020487842516087686,26.453163090218855,True,False,0.1319357010751008,True,False,37.13,-1.57,75.25,1.58987,115.83,-1.54,155.89,1.54,195.81,-1.11,235.23,2.07,275.37,-1.22,315.37,1.81,355.94,-1.31,395.88,1.43
3,8,4.0219526738268,0.4204378798309729,9.756958166856856,0.033308644461473205,Change lane 15,False,0.92,True,365.20136918204184,2.3342090352768987,423.5567484794113,0.8046649021800236,False,False,False,True,True,True,True,True,24.781520743292774,False,11.107858103900305,-1.792905919531933,0.02976793513014947,26.453163090218855,True,False,0.1319357010751008,True,False,37.13,-1.57,75.25,1.58987,115.83,-1.54,155.89,1.54,195.81,-1.11,235.23,2.07,275.37,-1.22,315.37,1.81,355.94,-1.31,395.88,1.43
3,9,4.070142746901286,0.5175596194347983,9.805079873904887,0.009273143079330972,Change lane 15,False,1.03,True,344.42510025628513,2.3358215626617365,440.29882020395314,0.8198672643969562,False,False,False,True,True,True,True,True,24.781520743292774,False,11.41167263118065,-1.7800146212774817,0.04178917878000622,26.453163090218855,True,False,0.1319357010751008,True,False,37.13,-1.57,75.25,1.58987,115.83,-1.54,155.89,1.54,195.81,-1.11,235.23,2.07,275.37,-1.22,315.37,1.81,355.94,-1.31,395.88,1.43
3,10,4.019984917621048,0.62066049290928,9.79121806424474,0.011650476231821914,Change lane 15,False,1.13,True,337.94440301823334,2.330238248280785,456.06572936892366,0.8298012040537626,False,False,False,True,True,True,True,True,29.712245514982705,False,11.762926140074912,-1.7605642879207595,0.05568889465681066,26.453163090218855,True,False,0.1319357010751008,True,False,37.13,-1.57,75.25,1.58987,115.83,-1.54,155.89,1.54,195.81,-1.11,235.23,2.07,275.37,-1.22,315.37,1.81,355.94,-1.31,395.88,1.43
3,11,3.9822489377101085,0.7283119236778037,9.765597644249018,0.011768804275269934,Change lane 15,False,1.24,True,308.6402651923609,2.362136634340349,477.8883094723228,0.8416359853716999,False,False,False,True,True,True,True,True,29.712245514982705,False,12.12319431257713,-1.7355481033920617,0.0699443896907906,26.453163090218855,True,False,0.1319357010751008,True,False,37.13,-1.57,75.25,1.58987,115.83,-1.54,155.89,1.54,195.81,-1.11,235.23,2.07,275.37,-1.22,315.37,1.81,355.94,-1.31,395.88,1.43
3,12,3.9808866485962464,0.8633288298851127,9.76109126534398,0.012982112418317619,Change lane 15,False,1.35,True,280.2879648028269,2.395465506339701,496.3020070162043,0.8554364782886016,False,False,False,False,True,True,True,True,37.947941956150935,False,12.564244040177273,-1.6979201060557232,0.08739833516702651,26.453163090218855,True,False,0.1319357010751008,True,False,37.13,-1.57,75.25,1.58987,115.83,-1.54,155.89,1.54,195.81,-1.11,235.23,2.07,275.37,-1.22,315.37,1.81,355.94,-1.31,395.88,1.43
3,13,3.990602064599969,0.9851368515171909,9.770067630574884,0.014072591487757092,Change lane 15,False,1.44,True,244.13959247535715,2.4137663377393945,524.3522686241656,0.9053021600016387,False,False,True,False,True,True,True,True,37.947941956150935,False,13.005616598297976,-1.6525184737229113,0.1048708051543796,26.453163090218855,True,False,0.1319357010751008,True,False,37.13,-1.57,75.25,1.58987,115.83,-1.54,155.89,1.54,195.81,-1.11,235.23,2.07,275.37,-1.22,315.37,1.81,355.94,-1.31,395.88,1.43
3,14,3.982468511929995,1.1650783395165427,9.777453086355965,0.02135930176055324,Change lane 15,False,1.56,True,209.95663231409898,2.415819526397831,550.834286936794,0.9080325277010406,False,False,True,False,True,True,True,True,37.947941956150935,False,13.535189606225991,-1.5877704173502787,0.12585103235797143,26.453163090218855,True,False,0.1319357010751008,True,False,37.13,-1.57,75.25,1.58987,115.83,-1.54,155.89,1.54,195.81,-1.11,235.23,2.07,275.37,-1.22,315.37,1.81,355.94,-1.31,395.88,1.43
3,15,3.9311322034747755,1.3399485717074262,9.774002558262225,0.017779605882263013,Change lane 15,False,1.67,True,227.7824721948328,2.3333086169556165,571.5461110522187,0.9622614987869667,False,False,True,False,True,True,True,True,37.947941956150935,False,14.110024996554575,-1.5047937933211624,0.1487546953256295,26.453163090218855,True,False,0.1319357010751008,True,False,37.13,-1.57,75.25,1.58987,115.83,-1.54,155.89,1.54,195.81,-1.11,235.23,2.07,275.37,-1.22,315.37,1.81,355.94,-1.31,395.88,1.43
3,16,3.9145330958349582,1.524218879685657,9.767479612506305,0.01907594193403391,Change lane 15,False,1.77,True,169.79173389705653,2.4008601026913525,596.9932601754886,0.9831380275525297,False,False,True,False,True,True,True,True,37.947941956150935,False,14.671037011536571,-1.4109075977329895,0.17127947144452682,26.453163090218855,True,False,0.1319357010751008,True,False,37.13,-1.57,75.25,1.58987,115.83,-1.54,155.89,1.54,195.81,-1.11,235.23,2.07,275.37,-1.22,315.37,1.81,355.94,-1.31,395.88,1.43
3,17,3.9142449094316762,1.7397727802229568,9.766040166918286,0.020058598264957248,Change lane 15,False,1.88,True,104.84682171652949,2.4483913602976664,623.4432842674017,1.0221511482115901,False,False,True,False,True,True,True,True,37.947941956150935,False,15.329538550783777,-1.284135977806896,0.19793297456663206,26.453163090218855,True,False,0.1319357010751008,True,False,37.13,-1.57,75.25,1.58987,115.83,-1.54,155.89,1.54,195.81,-1.11,235.23,2.07,275.37,-1.22,315.37,1.81,355.94,-1.31,395.88,1.43
3,18,3.8677237308861594,1.9517965349639836,9.771164570238174,0.02097260061354136,Change lane 15,False,1.98,True,404.55604853912916,1.9044307694873146,168.30188784670142,-0.18408966750983155,False,False,True,False,True,True,True,True,37.947941956150935,False,15.964810929828749,-1.1445549434969178,0.22388328067341365,26.453163090218855,True,False,0.1319357010751008,True,False,37.13,-1.57,75.25,1.58987,115.83,-1.54,155.89,1.54,195.81,-1.11,235.23,2.07,275.37,-1.22,315.37,1.81,355.94,-1.31,395.88,1.43
3,19,3.1549623471528725,2.1995352554305287,9.830175200525023,0.7049293415091967,Change lane 15,False,2.08,True,378.4464699247009,1.9189079257392965,239.22647091505777,-0.1861782596001618,False,True,True,True,True,True,True,True,37.947941956150935,False,16.701738163106743,-0.9610637225870121,0.2544196745434781,26.453163090218855,True,False,0.1319357010751008,True,False,37.13,-1.57,75.25,1.58987,115.83,-1.54,155.89,1.54,195.81,-1.11,235.23,2.07,275.37,-1.22,315.37,1.81,355.94,-1.31,395.88,1.43
3,20,1.8000596236472228,2.1337281433779025,9.823562577771385,0.18163428398282658,Change lane 15,False,2.2,True,354.7153242755735,1.9392652330001066,367.949563396925,0.010964974615218143,False,False,True,True,True,True,True,True,37.947941956150935,False,17.46486140932533,-0.7483460408298026,0.2879800762720067,26.453163090218855,True,False,0.1319357010751008,True,False,37.13,-1.57,75.25,1.58987,115.83,-1.54,155.89,1.54,195.81,-1.11,235.23,2.07,275.37,-1.22,315.37,1.81,355.94,-1.31,395.88,1.43
3,21,4.659861569968662,-0.3716309455625676,9.3789346664934,2.253734394001235,Change lane 15,False,2.3,True,320.99973376267576,1.9565276262271827,518.3347729648557,0.2078794705838189,False,False,True,True,True,True,True,True,37.947941956150935,False,18.164255439453097,-0.5301860147255237,0.3182427654141861,26.453163090218855,True,False,-0.1319357010751008,True,False,37.13,-1.57,75.25,1.58987,115.83,-1.54,155.89,1.54,195.81,-1.11,235.23,2.07,275.37,-1.22,315.37,1.81,355.94,-1.31,395.88,1.43
3,22,-0.5900365219528209,-3.7625538168255566,9.76691132568531,0.46560325065465946,Change lane 15,False,2.41,True,300.1544995799484,1.9887653068066131,572.3678522993488,0.13424141516499075,False,False,True,True,True,True,True,True,37.947941956150935,False,18.9382202360306,-0.26980252920152675,0.3142532555678269,26.453163090218855,True,False,-0.1319357010751008,True,False,37.13,-1.57,75.25,1.58987,115.83,-1.54,155.89,1.54,195.81,-1.11,235.23,2.07,275.37,-1.22,315.37,1.81,355.94,-1.31,395.88,1.43
3,23,-0.5616105317876298,-3.6590043591420747,9.704108736154026,0.14649074999127126,Change lane 15,False,2.52,True,301.13755627440685,2.0067501867924733,595.7356699577689,0.2970788247040457,False,False,True,True,True,True,True,True,37.947941956150935,False,19.705638986674415,-0.02693113283701032,0.2887520764177306,26.453163090218855,True,False,-0.1319357010751008,True,False,37.13,-1.57,75.25,1.58987,115.83,-1.54,155.89,1.54,195.81,-1.11,235.23,2.07,275.37,-1.22,315.37,1.81,355.94,-1.31,395.88,1.43
3,24,-0.1039407266690413,-2.262990605304878,9.755943282918503,0.1763589190260752,Change lane 15,False,2.62,False,306.6481095400481,2.0344438190448857,590.119738262022,0.4422289592464768,False,True,True,True,True,False,True,True,37.947941956150935,False,20.40773838212853,0.17147531651963943,0.2600053796078616,26.453163090218855,True,False,-0.1319357010751008,True,False,37.13,-1.57,75.25,1.58987,115.83,-1.54,155.89,1.54,195.81,-1.11,235.23,2.07,275.37,-1.22,315.37,1.81,355.94,-1.31,395.88,1.43
3,25,0.08425072217529611,-2.1768672143706134,9.837944637459506,0.06647627775445829,Change lane 15,False,2.73,False,314.4951408363667,2.05709788247572,576.2077515815969,0.5451781555977192,False,True,True,True,True,False,True,True,37.947941956150935,False,21.185691072992473,0.3651606952039845,0.2262480882246231,26.453163090218855,True,False,-0.1319357010751008,True,False,37.13,-1.57,75.25,1.58987,115.83,-1.54,155.89,1.54,195.81,-1.11,235.23,2.07,275.37,-1.22,315.37,1.81,355.94,-1.31,395.88,1.43
3,26,0.0037017701869671363,-2.4240500501789226,9.842984529427191,0.018425879042731404,Change lane 15,False,2.83,False,330.1778965898978,2.075646992387732,549.3625840296171,0.6436535424908769,False,True,True,True,True,False,True,True,37.947941956150935,False,21.898213193581498,0.5182925175647373,0.1948765206295803,26.453163090218855,True,False,-0.1319357010751008,True,False,37.13,-1.57,75.25,1.58987,115.83,-1.54,155.89,1.54,195.81,-1.11,235.23,2.07,275.37,-1.22,315.37,1.81,355.94,-1.31,395.88,1.43
3,27,3.995544935209603,-0.35338023337227886,9.481605840052842,2.610250219527632,Change lane 24,True,2.94,False,345.6572817907428,2.094042261311907,512.0930334704558,0.595133201587833,False,True,True,True,True,False,True,True,37.947941956150935,False,22.6903062803487,0.6611883826782903,0.1613735966957015,26.453163090218855,False,True,0.1319357010751008,True,False,37.13,-1.57,75.25,1.58987,115.83,-1.54,155.89,1.54,195.81,-1.11,235.23,2.07,275.37,-1.22,315.37,1.81,355.94,-1.31,395.88,1.43
3,28,0.2561777805629774,0.9668398640404104,9.822572637740143,1.5412037948864283,Change lane 24,True,3.04,False,345.411929810061,2.1166487741813045,504.00408364079846,0.6184648549498648,False,True,True,True,True,False,True,True,37.947941956150935,False,23.42025526477583,0.7747939425525947,0.1540782326956903,26.453163090218855,False,True,-0.1319357010751008,True,False,37.13,-1.57,75.25,1.58987,115.83,-1.54,155.89,1.54,195.81,-1.11,235.23,2.07,275.37,-1.22,315.37,1.81,355.94,-1.31,395.88,1.43
3,29,-0.6138665188081955,-2.629337875863946,9.81644484258386,0.36650866180794334,Change lane 24,True,3.15,False,349.5343318473247,2.134442831830536,495.9832654105282,0.620911969857652,False,True,True,False,True,False,True,True,37.947941956150935,False,24.22029592806674,0.8958140031147028,0.13407653961091032,26.453163090218855,False,True,-0.1319357010751008,True,False,37.13,-1.57,75.25,1.58987,115.83,-1.54,155.89,1.54,195.81,-1.11,235.23,2.07,275.37,-1.22,315.37,1.81,355.94,-1.31,395.88,1.43
3,30,-0.394771711053681,-3.5955474767988647,9.737206156031755,0.047876990515337045,Change lane 24,True,3.24,False,367.6043701132865,2.1440506949543883,474.15953943238645,0.6647625883369015,False,True,True,False,True,False,True,True,37.947941956150935,False,24.945248879300348,0.986409504346494,0.10693889154999767,26.453163090218855,False,True,-0.1319357010751008,True,False,37.13,-1.57,75.25,1.58987,115.83,-1.54,155.89,1.54,195.81,-1.11,235.23,2.07,275.37,-1.22,315.37,1.81,355.94,-1.31,395.88,1.43
3,31,-0.14086071062521333,-2.6510609848927116,9.747159757321205,0.11054824309232493,Change lane 24,True,3.34,False,372.0613662687539,2.1608952458113837,442.2162364643022,0.6624521361451002,False,True,True,False,True,True,True,True,37.947941956150935,False,25.671275121264966,1.0540429904427406,0.07691514270070514,26.453163090218855,False,True,-0.1319357010751008,True,False,37.13,-1.57,75.25,1.58987,115.83,-1.54,155.89,1.54,195.81,-1.11,235.23,2.07,275.37,-1.22,315.37,1.81,355.94,-1.31,395.88,1.43
3,32,0.03351122639713622,-2.1660507901889368,9.82338934950905,0.01748060191624542,Change lane 24,True,3.46,False,385.99680648110103,2.1664314667758044,410.5135469792186,0.7044955974678982,False,True,True,False,True,True,True,True,37.947941956150935,False,26.398617478920656,1.0992144837141373,0.04580607787302927,26.453163090218855,False,True,-0.1319357010751008,True,False,37.13,-1.57,75.25,1.58987,115.83,-1.54,155.89,1.54,195.81,-1.11,235.23,2.07,275.37,-1.22,315.37,1.81,355.94,-1.31,395.88,1.43
3,33,-0.020678053382017517,-2.3861081511720847,9.828266786458597,0.017985760734349127,Change lane 24,True,3.56,False,387.8599051242516,2.189437274358509,368.95045591364624,0.6585989208361338,False,True,True,False,True,True,True,True,37.947941956150935,False,27.19986376365613,1.1228619082802258,0.011141499315878654,26.453163090218855,False,True,-0.1319357010751008,True,False,37.13,-1.57,75.25,1.58987,115.83,-1.54,155.89,1.54,195.81,-1.11,235.23,2.07,275.37,-1.22,315.37,1.81,355.94,-1.31,395.88,1.43
3,34,-0.06773706211160058,-2.4173766359962237,9.799917582743767,0.005690891248928262,Change lane 24,True,3.66,False,374.43278311438917,2.1502621376427986,337.6092092788372,0.6690575676410417,False,True,True,False,True,True,True,True,37.947941956150935,False,27.928581843381536,1.1201705009696203,-0.020509345619791442,26.453163090218855,False,True,-0.1319357010751008,True,False,37.13,-1.57,75.25,1.58987,115.83,-1.54,155.89,1.54,195.81,-1.11,235.23,2.07,275.37,-1.22,315.37,1.81,355.94,-1.31,395.88,1.43
3,35,-0.07123470552835413,-2.3674528630760783,9.781866469599816,0.0039996861226953,Change lane 24,True,3.76,False,373.2092384392954,2.111208738156647,293.35646356940515,0.6889839581293231,False,True,True,False,True,True,True,True,45.824523479908954,False,28.65678995097607,1.0943269802894535,-0.052206008227418485,26.453163090218855,False,True,-0.1319357010751008,True,False,37.13,-1.57,75.25,1.58987,115.83,-1.54,155.89,1.54,195.81,-1.11,235.23,2.07,275.37,-1.22,315.37,1.81,355.94,-1.31,395.88,1.43
3,36,-0.048603367824216655,-2.354560068087407,9.79074047661681,0.002489752649999472,Change lane 24,True,3.87,False,385.81138975508344,2.1351126012096087,223.9910040353476,0.6019184188018056,False,True,True,False,True,True,True,True,45.824523479908954,False,29.456373078918958,1.0392546694379967,-0.08709211357556568,26.453163090218855,False,True,-0.1319357010751008,True,False,37.13,-1.57,75.25,1.58987,115.83,-1.54,155.89,1.54,195.81,-1.11,235.23,2.07,275.37,-1.22,315.37,1.81,355.94,-1.31,395.88,1.43
3,37,-0.037995942170156824,-2.3660568104390953,9.803011373295826,0.0021322894161000146,Change lane 24,True,3.9699999999999998,False,409.8813729941885,2.145208587716369,207.72327605101438,0.6239575892718527,False,True,False,False,True,True,True,True,45.824523479908954,False,30.1088274607229,0.9734836712449819,-0.11564092280525541,26.453163090218855,False,True,-0.1319357010751008,True,False,37.13,-1.57,75.25,1.58987,115.83,-1.54,155.89,1.54,195.81,-1.11,235.23,2.07,275.37,-1.22,315.37,1.81,355.94,-1.31,395.88,1.43
3,38,-0.04005661554453186,-2.368096742589841,9.803921749891156,0.001383249762140803,Change lane 24,True,4.06,False,156.57822769393576,-1.0581724035937738,306.160770409698,0.7485878629723616,False,False,False,False,True,True,True,True,6.239566894629258,False,30.8312517666215,0.8785928272962849,-0.14736389849513393,26.453163090218855,False,True,-0.1319357010751008,True,False,37.13,-1.57,75.25,1.58987,115.83,-1.54,155.89,1.54,195.81,-1.11,235.23,2.07,275.37,-1.22,315.37,1.81,355.94,-1.31,395.88,1.43
3,39,-0.04577237313387477,-2.366270478756721,9.799738858222613,0.0015763047891120163,Change lane 24,True,4.14,False,433.44002840284446,2.1632530195114006,320.70723896144824,0.9061779990418186,False,False,False,False,True,True,True,True,6.239566894629258,False,31.550310039899607,0.7608309435212544,-0.17908772730447894,26.453163090218855,False,True,-0.1319357010751008,True,False,37.13,-1.57,75.25,1.58987,115.83,-1.54,155.89,1.54,195.81,-1.11,235.23,2.07,275.37,-1.22,315.37,1.81,355.94,-1.31,395.88,1.43
3,40,-0.04919742557804504,-2.364839013686515,9.795442062459614,0.0005312177355744396,Change lane 24,True,4.25,False,336.50459684498946,2.244860022453645,326.17872383908986,0.9070053180473767,False,False,False,False,True,True,True,True,4.379301237814875,False,32.265724949142665,0.6203170019861531,-0.21082273155765655,26.453163090218855,False,True,0.1319357010751008,True,False,37.13,-1.57,75.25,1.58987,115.83,-1.54,155.89,1.54,195.81,-1.11,235.23,2.07,275.37,-1.22,315.37,1.81,355.94,-1.31,395.88,1.43
3,41,-102.10005517165935,22.88712989356055,-2.5536342665985066,53.17001953287539,Change lane 24,True,4.35,False,323.70815539384034,1.4903286320488849,302.8049639740547,0.9848116042735942,False,False,False,False,True,True,True,True,4.379301237814875,False,32.690469953947094,0.5389199645238463,-0.22804395864253038,26.453163090218855,False,True,0.1319357010751008,True,False,37.13,-1.57,75.25,1.58987,115.83,-1.54,155.89,1.54,195.81,-1.11,235.23,2.07,275.37,-1.22,315.37,1.81,355.94,-1.31,395.88,1.43
3,42,5.4225740936879525,4.181380562431916,14.943692022314496,8.659894076357372,Change lane 24,True,4.45,False,325.57901568408215,1.375461210036911,276.0176123618807,0.9922762462129293,False,False,False,False,True,True,True,True,3.9015373252577894,False,32.685675922530756,0.5675971237539703,-0.2597178913578193,26.453163090218855,False,True,0.1319357010751008,True,False,37.13,-1.57,75.25,1.58987,115.83,-1.54,155.89,1.54,195.81,-1.11,235.23,2.07,275.37,-1.22,315.37,1.81,355.94,-1.31,395.88,1.43
3,43,-2.095367629616456,-61.715786416147374,18.81447836587629,10.009505108619864,Change lane 24,True,4.54,False,393.06509083626287,1.242309727889996,286.2473164257672,0.9909842034908231,False,False,False,True,True,True,True,True,3.554477095213401,False,32.627249317853504,0.6027459606692007,-0.37368729663055095,26.453163090218855,False,True,0.1319357010751008,True,False,37.13,-1.57,75.25,1.58987,115.83,-1.54,155.89,1.54,195.81,-1.11,235.23,2.07,275.37,-1.22,315.37,1.81,355.94,-1.31,395.88,1.43
3,44,-3.227849471334178,10.804830623885834,8.02356973975683,0.0,Change lane 24,True,4.65,False,178.20051439502927,-2.0241231223581497,308.83900176084535,0.874555655176324,False,False,False,True,True,True,False,True,3.554477095213401,False,32.616269139676405,0.6135289988705735,-0.5264637219294257,26.453163090218855,False,True,0.1319357010751008,False,False,37.13,-1.57,75.25,1.58987,115.83,-1.54,155.89,1.54,195.81,-1.11,235.23,2.07,275.37,-1.22,315.37,1.81,355.94,-1.31,395.88,1.43
4,1,0.03885382185729255,7.832739330501864e-14,9.804790970388696,0.0001709255635409607,Cruise 16,False,0.21,True,406.34197790834554,2.313552692042681,391.468548032546,0.7853981633974483,False,False,True,True,True,True,True,True,0.0,False,10.283092901149073,-1.810000000000009,1.0120108216831128e-14,0.0,False,False,0.0,True,False,37.13,-1.57,75.25,1.58987,115.83,-1.54,155.89,1.54,195.81,-1.11,235.23,2.07,275.37,-1.22,315.37,1.81,355.94,-1.31,395.88,1.43
4,2,3.056027999004065,0.0619896740708668,9.576359413802919,0.27240314783882347,Change lane 15,False,0.31,True,403.5585550585429,2.311839570510722,391.3982384944257,0.7853981633974483,False,False,False,True,True,True,True,True,25.27008331304946,False,10.287084120779078,-1.8098975755550348,-5.3816952184565666e-05,26.516713148380216,True,False,0.03531635360999489,True,False,37.13,-1.57,75.25,1.58987,115.83,-1.54,155.89,1.54,195.81,-1.11,235.23,2.07,275.37,-1.22,315.37,1.81,355.94,-1.31,395.88,1.43
4,3,4.3926322915132685,0.18810208473990664,9.7927952443741,0.09302302594885911,Change lane 15,False,0.41,True,401.21506186342214,2.3126121621127576,388.12718148792175,0.7886555186062542,False,False,False,True,True,True,True,True,25.27008331304946,False,10.324706369281433,-1.8095089286229915,0.00021643652755300058,26.516713148380216,True,False,0.13161766261318306,True,False,37.13,-1.57,75.25,1.58987,115.83,-1.54,155.89,1.54,195.81,-1.11,235.23,2.07,275.37,-1.22,315.37,1.81,355.94,-1.31,395.88,1.43
4,4,4.5569056930421254,0.291715668970064,9.923397279792407,0.030639255869874905,Change lane 15,False,0.51,True,394.51687800434075,2.3097548343961734,387.7231702226261,0.7869179417055513,False,False,False,True,True,True,True,True,25.24981988122739,False,10.41226752065898,-1.8088910866899734,0.00275706502171067,26.516713148380216,True,False,0.13161766261318306,True,False,37.13,-1.57,75.25,1.58987,115.83,-1.54,155.89,1.54,195.81,-1.11,235.23,2.07,275.37,-1.22,315.37,1.81,355.94,-1.31,395.88,1.43
4,5,4.047717882690885,0.3111769609147132,9.83943377091273,0.04629154712346223,Change lane 15,False,0.63,True,390.41397856855934,2.316131943063103,393.2847100017495,0.7887516444230088,False,False,False,True,True,True,True,True,25.24981988122739,False,10.548242513811429,-1.8072928455305124,0.007653271912227302,26.516713148380216,True,False,0.13161766261318306,True,False,37.13,-1.57,75.25,1.58987,115.83,-1.54,155.89,1.54,195.81,-1.11,235.23,2.07,275.37,-1.22,315.37,1.81,355.94,-1.31,395.88,1.43
4,6,3.8198681599514144,0.2994756551833494,9.727444857641917,0.012981977137778992,Change lane 15,False,0.73,True,386.4979941871003,2.3218156015917204,402.22223846523696,0.7994989601118319,False,False,False,True,True,True,True,True,25.209803451762824,False,10.713067728883615,-1.8043689449402915,0.013969961782247223,26.516713148380216,True,False,0.13161766261318306,True,False,37.13,-1.57,75.25,1.58987,115.83,-1.54,155.89,1.54,195.81,-1.11,235.23,2.07,275.37,-1.22,315.37,1.81,355.94,-1.31,395.88,1.43
4,7,3.904666587723386,0.35210825710505494,9.707959985557238,0.03483433632973707,Change lane 15,False,0.83,True,373.10045835024874,2.321827744151745,414.18987182560136,0.8025599832881256,False,False,False,True,True,True,True,True,24.762192254179354,False,10.916822967514673,-1.7993278693280463,0.021943951732317377,26.516713148380216,True,False,0.13161766261318306,True,False,37.13,-1.57,75.25,1.58987,115.83,-1.54,155.89,1.54,195.81,-1.11,235.23,2.07,275.37,-1.22,315.37,1.81,355.94,-1.31,395.88,1.43
4,8,4.050512502200733,0.4458508561611637,9.775844789864097,0.013442347425792709,Change lane 15,False,0.93,True,363.319322215667,2.3316930308214903,424.29577695095236,0.800262377536069,False,False,False,True,True,True,True,True,24.762192254179354,False,11.186112503418112,-1.7901960230534308,0.032556779674104704,26.516713148380216,True,False,0.13161766261318306,True,False,37.13,-1.57,75.25,1.58987,115.83,-1.54,155.89,1.54,195.81,-1.11,235.23,2.07,275.37,-1.22,315.37,1.81,355.94,-1.31,395.88,1.43
4,9,4.061423660310604,0.5434105575933345,9.806437482687793,0.010076218983721076,Change lane 15,False,1.05,True,344.15863055976513,2.3322776808911745,442.10422477293804,0.8197013787768044,False,False,False,True,True,True,True,True,24.762192254179354,False,11.502900585987717,-1.7758013436704165,0.0450603228862496,26.516713148380216,True,False,0.13161766261318306,True,False,37.13,-1.57,75.25,1.58987,115.83,-1.54,155.89,1.54,195.81,-1.11,235.23,2.07,275.37,-1.22,315.37,1.81,355.94,-1.31,395.88,1.43
4,10,4.0052936586302454,0.6498632497218538,9.782530956514735,0.011746029089725067,Change lane 15,False,1.15,True,323.0710416768143,2.35928306224932,458.3137392263105,0.8452755396137748,False,False,False,True,True,True,True,True,30.268225526266015,False,11.832016987243172,-1.7566568905452005,0.0580509531924421,26.516713148380216,True,False,0.13161766261318306,True,False,37.13,-1.57,75.25,1.58987,115.83,-1.54,155.89,1.54,195.81,-1.11,235.23,2.07,275.37,-1.22,315.37,1.81,355.94,-1.31,395.88,1.43
4,11,3.9786165694354088,0.7616692795502409,9.761535872479476,0.011929430845802318,Change lane 15,False,1.26,True,302.52353915706004,2.3696235367363343,478.9676970367526,0.8416159494446609,False,False,False,True,True,True,True,True,30.268225526266015,False,12.239021106138681,-1.7270726048629987,0.07411572109322878,26.516713148380216,True,False,0.13161766261318306,True,False,37.13,-1.57,75.25,1.58987,115.83,-1.54,155.89,1.54,195.81,-1.11,235.23,2.07,275.37,-1.22,315.37,1.81,355.94,-1.31,395.88,1.43
4,12,3.9822324286393753,0.8742971370961735,9.761822045357407,0.01309161753854494,Change lane 15,False,1.35,True,269.6811895089668,2.3955798191186037,503.1814067755717,0.8766269817483616,False,False,False,False,True,True,True,True,39.40406547242146,False,12.649660330718346,-1.6905835633328083,0.09032652259641878,26.516713148380216,True,False,0.13161766261318306,True,False,37.13,-1.57,75.25,1.58987,115.83,-1.54,155.89,1.54,195.81,-1.11,235.23,2.07,275.37,-1.22,315.37,1.81,355.94,-1.31,395.88,1.43
4,13,3.99324906453574,1.039846249384274,9.773710896631112,0.014460357385258056,Change lane 15,False,1.47,True,238.46794823584926,2.4039357196560123,530.9467362128396,0.8898127813099195,False,False,True,False,True,True,True,True,39.40406547242146,False,13.145746655719403,-1.6375688762687868,0.10991814972571498,26.516713148380216,True,False,0.13161766261318306,True,False,37.13,-1.57,75.25,1.58987,115.83,-1.54,155.89,1.54,195.81,-1.11,235.23,2.07,275.37,-1.22,315.37,1.81,355.94,-1.31,395.88,1.43
4,14,3.949560627546167,1.2233422873549364,9.778810357004119,0.016143635078491737,Change lane 15,False,1.58,True,210.45863715424176,2.4185332407585705,553.3693307725425,0.9623082490040771,False,False,True,False,True,True,True,True,39.40406547242146,False,13.68784818500915,-1.5684158267972894,0.13135827875028805,26.516713148380216,True,False,0.13161766261318306,True,False,37.13,-1.57,75.25,1.58987,115.83,-1.54,155.89,1.54,195.81,-1.11,235.23,2.07,275.37,-1.22,315.37,1.81,355.94,-1.31,395.88,1.43
4,15,3.927089593733924,1.3719167148324565,9.772536166669127,0.017942357622741083,Change lane 15,False,1.6800000000000002,True,210.6501802533789,2.350520520701702,574.6574380637537,0.9729022540545834,False,False,True,False,True,True,True,True,39.40406547242146,False,14.219723400536415,-1.4891584713030335,0.1525317672456964,26.516713148380216,True,False,0.13161766261318306,True,False,37.13,-1.57,75.25,1.58987,115.83,-1.54,155.89,1.54,195.81,-1.11,235.23,2.07,275.37,-1.22,315.37,1.81,355.94,-1.31,395.88,1.43
4,16,3.9136145145197614,1.5779862209796596,9.766478610631788,0.01938303153239256,Change lane 15,False,1.79,True,170.50477511011755,2.3740830663873864,591.3387506276474,1.0120279595827453,False,False,True,False,True,True,True,True,39.40406547242146,False,14.846878984402359,-1.3809583421799763,0.17769229496223427,26.516713148380216,True,False,0.13161766261318306,True,False,37.13,-1.57,75.25,1.58987,115.83,-1.54,155.89,1.54,195.81,-1.11,235.23,2.07,275.37,-1.22,315.37,1.81,355.94,-1.31,395.88,1.43
4,17,3.9151841179104805,1.7758375761351357,9.766295703207506,0.020226037465074707,Change lane 15,False,1.8900000000000001,True,105.39151297950043,2.45165955806324,556.3724659334224,0.955833757279765,False,False,True,False,True,True,True,True,39.40406547242146,False,15.454473242447534,-1.2606323052877577,0.20226688430887058,26.516713148380216,True,False,0.13161766261318306,True,False,37.13,-1.57,75.25,1.58987,115.83,-1.54,155.89,1.54,195.81,-1.11,235.23,2.07,275.37,-1.22,315.37,1.81,355.94,-1.31,395.88,1.43
4,18,3.8648383727604925,2.0088713815237,9.77059629726287,0.041246255908945935,Change lane 15,False,1.99,True,396.9344540257932,1.91592389927056,186.92903860424292,-0.18622030959271735,False,False,True,False,True,True,True,True,39.40406547242146,False,16.162782169529734,-1.100730115474044,0.231202970389814,26.516713148380216,True,False,0.13161766261318306,True,False,37.13,-1.57,75.25,1.58987,115.83,-1.54,155.89,1.54,195.81,-1.11,235.23,2.07,275.37,-1.22,315.37,1.81,355.94,-1.31,395.88,1.43
4,19,2.582715949425328,2.140411651835106,9.852499643549017,0.13485249954705336,Change lane 15,False,2.11,True,376.72337191124626,1.9209921932635443,287.47882039228057,-0.03339712074973674,False,False,True,True,True,True,True,True,39.40406547242146,False,16.840376289213584,-0.9278526727967911,0.25936058120827893,26.516713148380216,True,False,0.13161766261318306,True,False,37.13,-1.57,75.25,1.58987,115.83,-1.54,155.89,1.54,195.81,-1.11,235.23,2.07,275.37,-1.22,315.37,1.81,355.94,-1.31,395.88,1.43
4,20,0.9989593826929977,2.0707715221752268,9.871614154364481,0.3995293529924446,Change lane 15,False,2.21,True,343.5731305543688,1.9467248654987173,367.9294464752338,-0.14561156133241865,False,False,True,True,True,True,True,True,39.40406547242146,False,17.607351171738003,-0.7103409086536265,0.29334973115669866,26.516713148380216,True,False,0.13161766261318306,True,False,37.13,-1.57,75.25,1.58987,115.83,-1.54,155.89,1.54,195.81,-1.11,235.23,2.07,275.37,-1.22,315.37,1.81,355.94,-1.31,395.88,1.43
4,21,0.25738766694545323,-1.5390755382908625,9.853843341557607,1.5567197398238217,Change lane 15,False,2.32,True,310.9654371014572,1.97157496165263,586.128103096029,0.48750891401731283,False,False,True,True,True,True,True,True,39.40406547242146,False,18.38474998009111,-0.4622561223750337,0.31734010685281,26.516713148380216,True,False,-0.13161766261318306,True,False,37.13,-1.57,75.25,1.58987,115.83,-1.54,155.89,1.54,195.81,-1.11,235.23,2.07,275.37,-1.22,315.37,1.81,355.94,-1.31,395.88,1.43
4,22,-0.6533484676294663,-3.8680905832399017,9.741231690968702,0.11293817075986307,Change lane 15,False,2.42,True,305.80702552204167,1.9888243758868773,573.3142481692354,0.19205986925121776,False,False,True,True,True,True,True,True,39.40406547242146,False,19.085587004524704,-0.23096240733155224,0.30417699377080865,26.516713148380216,True,False,-0.13161766261318306,True,False,37.13,-1.57,75.25,1.58987,115.83,-1.54,155.89,1.54,195.81,-1.11,235.23,2.07,275.37,-1.22,315.37,1.81,355.94,-1.31,395.88,1.43
4,23,-0.550576158702597,-3.3585074436256663,9.691243053102378,0.32026696353690953,Change lane 15,False,2.5300000000000002,False,307.4342961308907,2.006662876238408,587.5284528207436,0.3574631971108631,False,True,True,True,True,False,True,True,39.40406547242146,False,19.85723199472005,0.0023556130869261116,0.2762849735445388,26.516713148380216,True,False,-0.13161766261318306,True,False,37.13,-1.57,75.25,1.58987,115.83,-1.54,155.89,1.54,195.81,-1.11,235.23,2.07,275.37,-1.22,315.37,1.81,355.94,-1.31,395.88,1.43
4,24,-0.005046087265107017,-2.1409565001634867,9.779987815461714,0.04463436719754698,Change lane 15,False,2.63,False,313.7461194115024,2.039184532034185,569.2765600837773,0.41770244931841016,False,True,True,True,True,False,True,True,39.40406547242146,False,20.563203260009708,0.19189490072386267,0.24676519774748595,26.516713148380216,True,False,-0.13161766261318306,True,False,37.13,-1.57,75.25,1.58987,115.83,-1.54,155.89,1.54,195.81,-1.11,235.23,2.07,275.37,-1.22,315.37,1.81,355.94,-1.31,395.88,1.43
4,25,0.09641974759394806,-2.264592700004691,9.856013807217927,0.02877838770017732,Change lane 15,False,2.73,False,326.5596967812759,2.0587799012107357,559.9532458488252,0.646359925760083,False,True,True,True,True,False,True,True,39.40406547242146,False,21.345496821049114,0.3756686956676606,0.21270964135630333,26.516713148380216,True,False,-0.13161766261318306,True,False,37.13,-1.57,75.25,1.58987,115.83,-1.54,155.89,1.54,195.81,-1.11,235.23,2.07,275.37,-1.22,315.37,1.81,355.94,-1.31,395.88,1.43
4,26,-0.013576340809977723,-2.443379601518894,9.84009404538038,0.013503152134188063,Change lane 24,True,2.84,False,340.48737314772836,2.0763964095907332,532.901588746716,0.6422938248805928,False,True,True,True,True,False,True,True,39.40406547242146,False,22.061795494121398,0.5194473575699763,0.18124792227559455,26.516713148380216,False,True,-0.13161766261318306,True,False,37.13,-1.57,75.25,1.58987,115.83,-1.54,155.89,1.54,195.81,-1.11,235.23,2.07,275.37,-1.22,315.37,1.81,355.94,-1.31,395.88,1.43
4,27,-0.02520717176557808,0.6040868858305826,9.87232978774876,2.093345588762629,Change lane 24,True,2.94,False,350.4897314279672,2.0949476065921218,498.58177403337334,0.5821830509866324,False,True,True,True,True,False,True,True,39.40406547242146,False,22.863942150078238,0.6550110527322058,0.15985313647986235,26.516713148380216,False,True,0.13161766261318306,True,False,37.13,-1.57,75.25,1.58987,115.83,-1.54,155.89,1.54,195.81,-1.11,235.23,2.07,275.37,-1.22,315.37,1.81,355.94,-1.31,395.88,1.43
4,28,0.7906910773455305,0.8744115227211654,9.724323425469342,3.3034102692586407,Change lane 24,True,3.05,False,342.13376043824434,2.1127850686662986,513.3911955825289,0.5909496047802035,False,True,True,True,True,False,True,True,39.40406547242146,False,23.59170045655073,0.7709067770843863,0.1610946527010064,26.516713148380216,False,True,-0.13161766261318306,True,False,37.13,-1.57,75.25,1.58987,115.83,-1.54,155.89,1.54,195.81,-1.11,235.23,2.07,275.37,-1.22,315.37,1.81,355.94,-1.31,395.88,1.43
4,29,-0.7819623734436154,-2.731382721687707,9.826157275728065,0.4244213722297373,Change lane 24,True,3.15,False,340.96675434439385,2.128748038185316,515.2153343526204,0.6635116022088173,False,True,True,False,True,False,True,True,39.40406547242146,False,24.320737042221385,0.8891006545699451,0.1464846532691518,26.516713148380216,False,True,-0.13161766261318306,True,False,37.13,-1.57,75.25,1.58987,115.83,-1.54,155.89,1.54,195.81,-1.11,235.23,2.07,275.37,-1.22,315.37,1.81,355.94,-1.31,395.88,1.43
4,30,-0.28643075746025576,-3.512090659894016,9.75328340385397,0.05745662910547651,Change lane 24,True,3.26,False,358.97798783341693,2.1463367515698986,476.7217636222255,0.6472839096765922,False,True,True,False,True,False,True,True,39.40406547242146,False,25.119169650447436,0.9988247033263702,0.11797119403071449,26.516713148380216,False,True,-0.13161766261318306,True,False,37.13,-1.57,75.25,1.58987,115.83,-1.54,155.89,1.54,195.81,-1.11,235.23,2.07,275.37,-1.22,315.37,1.81,355.94,-1.31,395.88,1.43
4,31,-0.09524953468877478,-2.398551759940057,9.77692833817405,0.07944044525453295,Change lane 24,True,3.36,False,384.92005797060966,2.1598591627246875,455.38776446927625,0.6886762484981547,False,True,True,False,True,True,True,True,39.40406547242146,False,25.846354427092674,1.0747289509494586,0.08827357009528375,26.516713148380216,False,True,-0.13161766261318306,True,False,37.13,-1.57,75.25,1.58987,115.83,-1.54,155.89,1.54,195.81,-1.11,235.23,2.07,275.37,-1.22,315.37,1.81,355.94,-1.31,395.88,1.43
4,32,-0.00014189237088676337,-2.162931379053454,9.81842371423161,0.023062353035794347,Change lane 24,True,3.4699999999999998,False,349.7433161301029,2.198403421886673,423.4917779029089,0.6582351777912344,False,True,True,False,True,True,True,True,39.40406547242146,False,26.64794763491567,1.1325063377282063,0.05415066540602682,26.516713148380216,False,True,-0.13161766261318306,True,False,37.13,-1.57,75.25,1.58987,115.83,-1.54,155.89,1.54,195.81,-1.11,235.23,2.07,275.37,-1.22,315.37,1.81,355.94,-1.31,395.88,1.43
4,33,-0.027147104329830488,-2.395285680307979,9.819020099247394,0.016836973333634216,Change lane 24,True,3.57,False,340.5185856249505,2.155164849862773,415.9364331930203,0.7937381918836611,False,True,True,False,True,True,True,True,39.40406547242146,False,27.377902369554068,1.1613491501209119,0.02266616105683373,26.516713148380216,False,True,-0.13161766261318306,True,False,37.13,-1.57,75.25,1.58987,115.83,-1.54,155.89,1.54,195.81,-1.11,235.23,2.07,275.37,-1.22,315.37,1.81,355.94,-1.31,395.88,1.43
4,34,-0.06116025039718695,-2.4261199711204493,9.797623343417191,0.006024466491187178,Change lane 24,True,3.67,False,377.39960584230636,2.1609186050954783,346.378904592589,0.6983977299828509,False,True,True,False,True,True,True,True,39.40406547242146,False,28.10836951895004,1.1670780405921728,-0.00896803010678295,26.516713148380216,False,True,-0.13161766261318306,True,False,37.13,-1.57,75.25,1.58987,115.83,-1.54,155.89,1.54,195.81,-1.11,235.23,2.07,275.37,-1.22,315.37,1.81,355.94,-1.31,395.88,1.43
4,35,-0.061785184125577784,-2.3661598227791147,9.786807520444988,0.00368430783964854,Change lane 24,True,3.7800000000000002,False,381.943221009775,2.144065979994003,317.6852680195859,0.6774587124209621,False,True,True,False,True,True,True,True,45.748840049390985,False,28.911584525096853,1.146576144558194,-0.043827991205062825,26.516713148380216,False,True,-0.13161766261318306,True,False,37.13,-1.57,75.25,1.58987,115.83,-1.54,155.89,1.54,195.81,-1.11,235.23,2.07,275.37,-1.22,315.37,1.81,355.94,-1.31,395.88,1.43
4,36,-0.049194115636689274,-2.359029649752496,9.792623761979788,0.0018336698426843487,Change lane 24,True,3.88,False,355.4002715635257,2.187010151653797,247.95637652501568,0.6267742873354304,False,True,False,False,True,True,True,True,45.748840049390985,False,29.640730166666582,1.103653936253534,-0.07553978170180498,26.516713148380216,False,True,-0.13161766261318306,True,False,37.13,-1.57,75.25,1.58987,115.83,-1.54,155.89,1.54,195.81,-1.11,235.23,2.07,275.37,-1.22,315.37,1.81,355.94,-1.31,395.88,1.43
4,37,-0.040991073459646796,-2.371797052718972,9.801086871405156,0.0020687293487980096,Change lane 24,True,3.9699999999999998,False,320.9220445763509,2.199073809847556,221.8818168957445,0.5813420364457232,False,True,False,False,True,True,True,True,45.748840049390985,False,30.368146245326123,1.037646052758682,-0.10725841606443641,26.516713148380216,False,True,-0.13161766261318306,True,False,37.13,-1.57,75.25,1.58987,115.83,-1.54,155.89,1.54,195.81,-1.11,235.23,2.07,275.37,-1.22,315.37,1.81,355.94,-1.31,395.88,1.43
4,38,-0.04299201201066103,-2.3735647095462,9.801276709733438,0.0005245997460529212,Change lane 24,True,4.08,False,410.51473179176423,2.114702501451792,209.23000951742392,0.5390395035148218,False,False,False,False,True,True,True,True,6.704114951928904,False,31.093110484889355,0.9485983676841152,-0.1389794363049027,26.516713148380216,False,True,-0.13161766261318306,True,False,37.13,-1.57,75.25,1.58987,115.83,-1.54,155.89,1.54,195.81,-1.11,235.23,2.07,275.37,-1.22,315.37,1.81,355.94,-1.31,395.88,1.43
4,39,-0.0472517522512881,-2.370882851084436,9.797504951553433,0.0004872915665073266,Change lane 24,True,4.18,False,255.65959217121406,0.404187640654803,376.91675586264546,0.9529920520724363,False,False,False,False,True,True,True,True,6.704114951928904,False,31.814889553799414,0.836598217425145,-0.17070137171896588,26.516713148380216,False,True,-0.13161766261318306,True,False,37.13,-1.57,75.25,1.58987,115.83,-1.54,155.89,1.54,195.81,-1.11,235.23,2.07,275.37,-1.22,315.37,1.81,355.94,-1.31,395.88,1.43
4,40,-0.04824984707667984,-2.3704091287352997,9.796134848341621,6.345818604593902e-05,Change lane 24,True,4.27,False,401.5821569681061,2.205495124259687,322.337287163425,0.8937516521865296,False,False,False,True,True,True,True,True,4.430807868160145,False,32.46116253407031,0.7162698213049532,-0.19925141733751128,26.516713148380216,False,True,-0.13161766261318306,True,False,37.13,-1.57,75.25,1.58987,115.83,-1.54,155.89,1.54,195.81,-1.11,235.23,2.07,275.37,-1.22,315.37,1.81,355.94,-1.31,395.88,1.43
4,41,4.036557147260888,3.4958044272576294,9.143516010056432,538.5716399756524,Change lane 24,True,4.36,False,365.6741829851692,2.2213294300742685,316.3329112394749,0.9665209457208398,False,False,False,True,True,True,True,True,4.430807868160145,False,32.71344742836754,0.693978609814758,-0.23414307534391543,26.516713148380216,False,True,0.13161766261318306,False,False,37.13,-1.57,75.25,1.58987,115.83,-1.54,155.89,1.54,195.81,-1.11,235.23,2.07,275.37,-1.22,315.37,1.81,355.94,-1.31,395.88,1.43
